word,ratio,passiveUp,engaged,asym,minDist,medDist,dToPassive,dToFace,passiveSpread,domTravel,passiveTravel
TV,0.6124456997036593,True,False,False,1.2722624613001576,1.404595314656926,1.3903072354850083,1.6621673329700088,0.03424722701053162,0.8973754573592335,0.549593739879267
after,0.25020755517067184,False,False,False,1.2963202627816168,1.7539698194005031,1.7372137142578197,1.1297555282981753,0.09132227010456148,9.320279008753742,2.3320042242888066
airplane,0.8357236697693663,True,False,False,1.0250836606323541,1.6435017370566465,1.6841088619845184,1.6298346648575786,0.37444989804197837,6.0523323153932305,5.058077373284156
all,0.9531426047861792,True,False,False,0.9832731749054829,1.6776952563480345,1.5894715340359507,0.6426308978832467,0.367260380462661,6.602937048826754,6.293540617957899
alligator,0.5386671109991239,True,False,False,1.326956646280176,1.6445484910091568,1.6184301689173104,1.4563728970093877,0.27671671043590435,8.911340498790054,4.80024604161273
animal,0.38285914216544076,True,False,False,1.5572576951608368,2.0143886880554653,2.0570895892798795,1.7469995146380244,0.11168907721599824,6.906754350376414,2.64431404573254
another,0.34632685419629006,True,False,False,1.0431939371406416,1.3215273854438996,1.28669743693141,1.3861791799899634,0.07794636509200008,2.782836170106612,0.9637708965366749
any,0.3028207947907601,True,False,False,1.1613802406039977,1.4670393582729222,1.4695623419906558,0.8451146173192752,0.15289602547328698,12.246220614452719,3.7084102596515622
apple,0.3499044064644,False,False,False,1.5507923222211415,1.7967238254039484,1.7881265530081207,1.2104756405517347,0.08149051558680516,6.342101544206623,2.2191292765625734
arm,0.7756160456525023,True,False,False,1.1006945729621576,1.6598928510894795,1.5750704129065833,0.7767408592751488,0.33018748569449885,11.091368206000823,8.602643148814247
aunt,0.5422365045087083,False,False,False,1.7715338003864263,2.032953837844561,2.0181273793770247,1.2264034853569343,0.117793381123098,4.626507582881236,2.5086612998245545
awake,0.8671531625977508,False,False,False,1.606000184913958,1.7984861166465511,1.7904045198363718,0.925750250453037,0.17214212348680574,3.747391093329789,3.2495620380715695
backyard,0.15288416371797012,True,False,False,1.5129551563599537,1.9220706455825298,1.8983489759803418,1.5146432987917222,0.2250074785764212,15.673940884554657,2.3962973443000397
bad,0.710269238119904,False,False,False,1.228399609543647,1.3975840687498096,1.3836501848625355,0.5782346284680833,0.0710225722858938,2.119617091657652,1.505498816797607
balloon,0.3142256005447771,True,False,False,1.5811074920672628,1.7192246499626611,1.7155076274369523,1.0755662351768611,0.17267394956639393,4.875297926476111,1.5319434187816625
bath,0.3466379354623091,True,False,False,1.3515515124179807,1.8059382903148136,1.7762046158877443,1.4792675757723548,0.29660861303212815,15.499153914232242,5.372594714242031
because,0.6724260100114751,True,False,False,1.6748162648148734,2.099783128657905,2.1506911608107373,1.7318404912325418,0.1975829856530065,6.879690264032408,4.626082674358103
bed,0.26336359436089546,True,False,False,2.0405718580671177,2.1177767598253014,2.141070375287544,1.8920198910395989,0.05317049772354179,0.927863136447583,0.24436537068980946
bedroom,0.9511546720373,False,False,False,1.6769585940793268,1.8454843778678334,1.8272321302211254,0.6069166054210772,0.14500768645876114,4.080424585874928,3.881114908750803
bee,0.4073095872443945,True,False,False,0.8011381023478388,1.3460558768071484,1.3131252036917593,1.4906456105252428,0.18954904672442502,6.460707838276805,2.6315082429151495
before,0.5779702784327256,False,False,False,1.8368714556556436,2.0454310313436594,2.0312471822762905,0.8008608351463982,0.10754408384947191,2.322327985279015,1.3422365522638229
beside,0.5119412109315835,True,False,False,1.225531180308766,1.468611812705114,1.5166709805345995,0.6768303398398062,0.29996301515631746,9.771880106549817,5.002628134825365
better,0.8020380584414133,True,False,False,0.7355715346293953,1.2457434432482166,1.2273585726445344,1.1336601835164735,0.3702092426902949,6.522405768090895,5.231217658606696
bird,0.484704445223095,True,False,False,1.397568204071331,1.6241824370799813,1.6336671558783715,1.6810998395310934,0.07578769042487772,2.593966083696301,1.25730689152554
black,0.8039489277124269,False,False,False,0.56798945150347,1.9910609162752408,1.846504749722498,0.8015367866255628,0.33042417257834367,6.047016538702584,4.861492462149253
blow,0.18829443738800725,True,False,False,1.0000073705438828,1.1072561277707764,1.1298697498235712,0.8434363729617993,0.11098613940091441,9.834489696107983,1.851779704326807
blue,0.39908015906096217,False,False,False,1.7818487984919846,2.260085262256447,2.256188641027644,1.108053883510504,0.1319216214577044,8.132916332663768,3.245685543668954
boat,0.7354743360980412,True,False,False,1.6139811130057564,1.797726860580609,1.8015399415161861,1.7793178058069274,0.061217042115629235,1.568209119447304,1.1533775609883998
book,0.5060365061270896,False,False,False,1.8052179845723608,2.037893844285645,2.01080733891705,1.1340853986090131,0.108255203228291,4.958053005158657,2.508955819923404
boy,0.18536078621526123,True,False,False,1.407375843923577,2.0772318142492345,2.095779583481507,1.6487364808765392,0.10957548217818819,5.920732494181554,1.0974716300917373
brother,0.7025147059167944,True,False,False,1.1971166654787666,1.617378128598261,1.6590528732761902,1.519390900972823,0.2609024411954134,7.069083863295549,4.9661353713242296
brown,0.5455409143819332,True,False,False,0.7084810733831205,1.1866987927820998,1.140678413375055,1.0726765874773707,0.11156687058591619,3.554219985963576,1.9389724210571109
bug,0.1020571917633661,True,False,False,1.1873738757980972,1.7599881690918924,1.768355882294688,1.527659245486491,0.0981000050184638,12.813498965701795,1.3077097211023212
bye,0.25935087998364803,False,False,False,1.6616223752975519,1.8412361711154488,1.8388885484997926,0.8607067634742067,0.04590157482918221,3.3406989732366394,0.8664132184693919
callonphone,0.5005590005825266,True,False,False,1.5370503915117457,1.8941153079628519,1.8637532886105959,1.6188343100152354,0.09169565475393981,2.4848920634380685,1.2438350878300117
can,0.91637504730934,True,False,False,1.4317615718286736,1.5658482662087072,1.5505350036608463,0.8604990017067997,0.10051897912054752,2.1890939008097865,2.006031026919156
car,0.5342427959287438,False,False,False,2.0319192221539937,2.440531961959352,2.4201394657450583,1.3433787121529077,0.09327213864687163,4.503529425770434,2.4059781519709666
carrot,0.6763677687639481,True,False,False,1.780241256493329,2.1794013463974165,2.1587433080896834,1.8473438878671313,0.24720084383372692,2.526411808356655,1.7087835177970818
cat,0.8612076628666651,True,False,False,1.7453984420807767,1.7927610146476392,1.7919601496460715,1.8722213691874436,0.06115469941983067,0.822496613328291,0.7083403860802047
cereal,0.8743502190072544,False,False,False,1.5477067407972467,1.6970800487109872,1.6797353704497735,0.7918537385510314,0.10017332499524048,2.6087470331128815,2.280958539736773
chair,0.9510428199173924,True,False,False,1.3146291130414098,1.7320635526798978,1.7022799679316094,0.861873457848521,0.24466884531770616,5.392884955010661,5.128864515103419
cheek,0.558231584952169,True,False,False,1.113455189725393,1.423090442696206,1.4143062508514048,1.581611289492371,0.0832625547655736,1.8712526513199044,1.0445923333922587
child,0.6623106619404294,False,False,False,1.86115805456153,2.051895038149514,2.0346474962790104,0.9687113503902146,0.1472236770430794,3.9802024820696076,2.636130540556462
chin,0.3565615341065064,False,False,False,1.7238483399498654,1.9975569080866156,1.9777518087117576,1.2671082666231528,0.06491822005988031,5.725914242045253,2.041640766305949
chocolate,0.2234002173917778,True,False,False,0.7563265856346969,1.8068522089704246,1.7651898356755735,1.267393062925691,0.2113386231743123,11.046419737495473,2.4677725707573135
clean,0.7875674699910011,False,False,False,1.537459970602621,1.7446363896033383,1.775234284537121,1.1668318109333244,0.12179176574044884,3.4615326040816856,2.726190475287975
close,0.7520539633543999,True,False,False,1.768654547917549,2.207895002162156,2.1875698779219404,1.858278989241143,0.15163994792213836,4.628099166558716,3.480580321007677
closet,0.6169490855239111,False,False,False,1.0037667124996597,1.7890472783285083,1.7929289254968284,0.6460159703457677,0.23348814822267244,8.968938827569243,5.533378607788745
cloud,0.370713970841579,True,False,False,1.2854147855841505,1.5929187010919004,1.6234549407215009,0.8093964949706077,0.18276002918663348,6.735318742223755,2.4968767558134775
clown,0.12352807222038065,True,False,False,1.1702005090368361,1.4766285715052847,1.4911488926488423,1.4465475969518948,0.10359752163948026,6.862495373970208,0.84771082416782
cow,0.4579093168219637,False,False,False,1.7576655740911808,2.1093623533108454,2.157713719810912,1.0477415186627512,0.1573005069694372,6.002637231889044,2.748663513984395
cowboy,0.36788207471097856,False,False,False,1.2226876185636413,1.5772402810331925,1.578630806788539,0.8700580396766242,0.07869037351454977,4.965541349523513,1.8267336537258625
cry,0.8936767045282831,False,False,False,2.038105563370234,2.1477591647071286,2.144999934919905,0.8164679686754406,0.061628592893009274,1.36471937765649,1.2196179160299414
cut,0.9310990558013023,True,False,False,1.433986715008634,1.752198270857075,1.8195158921576478,1.5295059417947479,0.20382749729852384,4.32951163754315,4.031204197797177
cute,0.7882999574108097,False,False,False,1.1096654110964825,1.2079789056252188,1.2119296428145812,0.781160812466684,0.07538695614432267,2.0843708952367055,1.6431094879434263
dad,0.2583606328513591,True,False,False,1.6269588057764386,1.8794525067526726,1.8755722904938357,1.8044334138860314,0.05841450871770154,3.4847508446269257,0.9003224335471206
dance,0.6657730237318376,True,False,False,1.3451607862815806,1.776860471994245,1.7877548449849954,1.434123810354855,0.14469970888830808,4.042914683857971,2.691663533761967
dirty,0.09883108608694478,True,False,False,1.5251509785766755,1.6777847298258521,1.6780051392983915,1.6014609256975985,0.02737024579066842,2.196538507404609,0.2170862863185941
dog,0.6216817831608185,True,False,False,1.4608769989403625,1.6974682712027387,1.683853919741902,1.6454523444836626,0.10645750172096871,1.6264134776698598,1.0111116309545864
doll,0.19922825083005008,True,False,False,1.1083713893276426,1.726336681202186,1.745673928451374,1.5547308723617237,0.13090537417667772,8.987839017269613,1.790631446152701
donkey,0.7659680757184166,False,False,False,1.6090650577984373,1.9583142382388623,1.900538534482684,0.8510907304693889,0.18031562661270076,4.318205009837816,3.307607181943098
down,0.6759942464076687,False,False,False,1.2701086763191467,1.6992300135813379,1.6307888719816892,0.89194380211773,0.21261945441185542,6.134933170983715,4.147179525680546
drawer,0.4726129651174456,False,False,False,2.052289288134199,2.217712006346246,2.2381364197140297,1.1611591374827153,0.06881388071423752,3.067806913036942,1.4498853215781868
drink,0.2821339429622443,True,False,False,1.155810524091118,1.6684305903816052,1.6757491111000176,1.4809922489504022,0.08668172930087942,7.553222623336233,2.1310204807934783
drop,0.4844459161116942,False,False,False,1.5474213399069021,1.8288458207425886,1.8169204123379095,1.3806033754460065,0.1217768542555613,5.047788429022031,2.4453804898355873
dry,0.6831341700508783,False,False,False,1.2679095708486021,1.5682062240126151,1.5987430024325997,0.8656326360439721,0.06706522297368289,1.5074978313248732,1.0298232798556162
dryer,0.2186591014973389,False,False,False,1.8696394444702784,2.3130882780420943,2.2927395137053814,0.9783450164580074,0.0667728641909387,4.308868222076689,0.9421732539097248
duck,0.4597730239047967,True,False,False,1.1482553053944853,1.4035410943879523,1.3943517768418374,1.6462345776765972,0.04993357980760121,0.9393714066214807,0.4318976321920605
ear,0.4168992527649971,True,False,False,1.4646616687818352,1.6750808589263915,1.6530598324744261,1.545547892619509,0.0645603111288048,2.8362877332353267,1.1824462366123352
elephant,0.7949448163776627,True,False,False,1.4096986826696636,1.65596015416107,1.6619356205852032,1.470393573239059,0.5234935818375179,4.12284843666048,3.2774369934339984
empty,0.19757826123489783,True,False,False,1.0027641247828059,1.5718986817209357,1.566739076116443,1.3094596338184017,0.09959789767468777,9.480765467450857,1.8731931562348036
every,0.29021827852963694,False,False,False,1.4264616001974806,1.7954837901879335,1.7767223302917827,0.673285341946156,0.07687093144453525,6.511307034205006,1.8897003184448926
eye,0.9041540250418584,False,False,False,1.1050238283477272,1.3924632899915603,1.3948175558044864,0.9008924699620887,0.180540832942794,4.126703151750788,3.731175264808398
face,0.44536930468880087,False,False,False,1.28645824177473,1.7008034351777273,1.738782447036664,1.2555009204928527,0.1624551981279542,7.554793172871297,3.3646729824693895
fall,0.6695393604015271,False,True,False,0.21536035205753343,0.42941527832715753,0.3270431448555221,0.9749063025957234,0.3463062897274774,6.755501554381637,4.523074189912204
farm,0.5006252038626599,True,False,False,1.5113056242246057,1.9464560516751086,1.910860658965149,1.4662064369229553,0.14920391227656438,2.6748116261714334,1.3390781156462865
fast,0.2050620871168456,True,False,False,1.6394394194857849,1.8297868171053158,1.8515502477862253,1.4680328645700733,0.059678122947775476,3.0632285947574043,0.6281520489569553
feet,0.6642296290274222,False,False,False,1.3829261200418015,1.6682838907155353,1.672716144079316,0.796144785119492,0.15854560182031258,7.3784064438760515,4.900956175029331
find,0.1392914422937616,True,False,False,1.4133741305084377,1.9835876297534152,1.9870298802574915,1.5565090314855368,0.06332108564026352,7.735800361186707,1.0775307896062984
fine,0.5758305475928961,True,False,False,1.1073707092688108,1.463962811172026,1.4867709156343807,1.692616586042233,0.049212932642467073,1.523721703586509,0.8774055029554
finger,0.3352744738611501,True,False,False,2.2736121875911173,2.3337043394433064,2.336758856817953,2.0482023484790393,0.04235132173307718,1.6996236037055616,0.5698404094943741
finish,0.2928096129612155,True,False,False,1.825145288409777,2.042578313082248,2.0195855191725784,1.6439448560931484,0.10501746049332499,2.3959802772989973,0.7015660576586252
fireman,0.08571343775095132,False,False,False,1.442655776918725,1.8417042113362112,1.8508846476666196,0.7560417415567386,0.03605735955431932,6.589154628053445,0.5647790950430518
first,0.3240258143378587,True,False,False,0.9619459538068474,1.7644790973139992,1.7379470988458086,1.594540258592761,0.12453625466681402,4.912085185104456,1.5916424022004025
fish,0.2067231514462359,True,False,False,0.9711924765943059,1.5499532714409927,1.5532588676514094,1.4385807902748509,0.13094389342047127,8.021080333037121,1.658143004448857
flag,0.029496630918562118,True,False,False,1.4781923646682582,2.186735489112137,2.1729974568553714,1.6976747613181251,0.03079851947975468,10.893956979935306,0.32133502827984534
flower,0.23678006656637196,True,False,False,2.0016955948999096,2.077687921077712,2.087903660225699,1.936204121151007,0.11816466827774744,2.103495633453713,0.49806583611124294
food,0.18735247590476403,True,False,False,1.5627188216799595,1.7074132090594962,1.7200811824598559,1.532764286187605,0.07652627518120349,3.971332020903578,0.7440388867561554
for,0.11384330546595062,False,False,False,1.6621513749543064,1.8425517601739312,1.8399753190157764,1.294030146389673,0.038659003704272686,9.786426901411149,1.114119187157546
frenchfries,0.4040777358156235,True,False,False,1.3899381259692392,1.6525189667021003,1.6386466746711137,1.6386515600051599,0.1105018471545515,3.1573853570069637,1.275829126156778
frog,0.701544253905661,False,False,False,0.9695099787213406,1.3027178273968931,1.2585010854484109,1.104425977545037,0.18201689098154594,6.911027097284369,4.848391348686168
garbage,0.7036148359937878,True,False,False,1.9245490506324012,2.473298497575919,2.406538140906906,1.944774546693552,0.56468551622323,6.951241850479845,4.890996894578531
gift,0.5494828881635254,False,False,False,1.5092536540371757,1.679137474863428,1.666298023298491,0.9837064410110872,0.11401215139415986,3.296499796136349,1.811370228811474
giraffe,0.16887043379882133,True,False,False,1.581144615858661,2.2602706285852268,2.337612772056248,1.8890819674067911,0.3015333843407573,8.685704150828473,1.4667586277986273
girl,0.37764803532950336,False,False,False,1.2519452089268484,1.4194338779276399,1.4252851219045546,0.791871007475602,0.07164720062079222,3.339984233939929,1.2613384839789306
give,0.9465514455152184,True,False,False,1.0141315150190453,1.3881424934577058,1.3629399038068448,1.5882336312168206,0.22066179699323663,4.642927231364221,4.3947694822697745
glasswindow,0.14146456057901916,True,False,False,1.902231762565283,2.0316470915211635,2.0310912897066915,1.9420606672545049,0.024889848212224296,2.283366423796405,0.3230154277832449
go,0.8936266158386262,False,False,False,0.9225904404981192,1.8293545545064234,1.681285961669241,0.5744740817335949,0.4151886756790565,8.599742720730644,7.684958984609386
goose,0.18121439594847305,True,False,False,1.064628788851517,2.004729828965778,1.9846202165111244,1.7519580251781375,0.04981373689108793,5.038545476411449,0.9130569749668122
grandma,0.5431340297950941,False,False,False,1.663877275602563,1.9629806871912434,1.9963479606396344,1.220817451242908,0.12789008411658642,5.737693871508234,3.1163367941628817
grandpa,0.1365669625486526,True,False,False,0.7075089482520744,0.935789662015849,0.9408019424859891,0.9281936092131093,0.10844321537485231,6.741932703369485,0.9207252710065966
grass,0.52969972934929,False,False,False,1.5565093785639823,1.7461731873229125,1.6887589226785742,0.719933612579339,0.16607922753479398,3.357597901976471,1.7785186999406806
green,0.6182422750773896,True,False,False,1.2758170721474493,1.4215731450326048,1.4045521608239728,1.4998803714124707,0.06981777600498472,1.5229740449257854,0.9415669384187321
gum,0.9375426901188377,False,False,False,1.3562008512604775,1.55189272233374,1.5401113387994185,0.6688374018020457,0.03934865995745858,0.7757812852636478,0.7273280731299298
hair,0.05013303558845235,True,False,False,1.8160373542986867,2.2553010721996474,2.2383923881432004,1.7036364527565473,0.031185388939242577,6.556021450566873,0.32867325669992603
happy,0.7092303053123928,False,False,False,1.0316899594384326,1.3196360947727066,1.344119685645314,0.7946857986641368,0.1526740190957983,4.289921607829544,3.0425424116871786
hat,0.11283019748698797,True,False,False,1.3522877382180716,1.42383288110848,1.4153776788325731,0.831345999814105,0.01992690269988132,2.3063821333877024,0.2602295515905951
hate,0.7170963952841812,False,False,False,1.369303521677157,1.5331093539046377,1.5147041155914471,0.7749122745204785,0.061124140557838366,2.2894585984697255,1.6417625081150138
have,0.4865421088608581,True,False,False,1.4624492316440951,1.563685329394687,1.561716176638119,1.685854589915892,0.056248398380913674,1.309601253552448,0.6371761556702313
haveto,0.35103252725213263,False,False,False,1.3300467907304148,1.592630113334907,1.6017579106491182,0.82812097342594,0.07137499464897758,2.7596542519943914,0.9687284064196849
head,0.5348688613936549,True,False,False,1.2583678009096642,1.7132935989702611,1.7781953736528329,1.6379900322075391,0.3075102232041664,18.950768513191004,10.136175977185198
hear,0.6522397091599258,True,False,False,1.1667206387790943,1.6243619719599418,1.6298235731050053,1.6774366260446345,0.245863830097417,3.8143711980494417,2.4878843608437657
helicopter,0.16376338671247448,True,False,False,1.7193690930223315,2.5494923911888536,2.533932549200726,1.9252839154825905,0.1002207202081238,2.6525921002233335,0.4343974658993286
hello,0.7309003825831082,False,False,False,1.7196455028796032,2.0670567993593654,2.0436158660342914,1.035416626999353,0.1348737802100196,3.9847238308761717,2.9124361724754224
hen,0.34923050601470484,True,False,False,2.199618731933826,2.3240767107337756,2.3241991659997367,1.8843170924903467,0.0583444350305391,1.1335853217771343,0.39588257553507067
hesheit,0.5923868610194496,True,False,False,1.2687501273567487,1.4138977578795577,1.3980039177181436,1.6066406584907895,0.041075188391475836,1.1997280221341384,0.710703117109115
hide,0.7317037535513594,False,False,False,1.1177839742968092,1.4770821411846684,1.399636782346293,1.0398280396551045,0.13452850824186302,6.285417394001658,4.599063499828016
high,0.32538862891632997,True,False,False,1.8119716373387262,2.040823884352616,2.071750995868233,1.6666702069351027,0.43496888098873315,11.850262280998443,3.855940595912984
home,0.4720218312566369,True,False,False,1.0257396671888057,1.5681164227437727,1.6810339665201337,1.5250668216464647,0.16582239913458682,3.4762498097954224,1.6408658011251709
horse,0.47681229970310524,True,False,False,1.554806419416468,1.8160108620179258,1.7782489368269634,1.529848098842783,0.11267201775786558,2.1156403467390157,1.008763339073305
hot,0.32534590244641337,True,False,False,0.9753762547583515,1.5493779655783544,1.542588058498784,1.4237666863574021,0.12141654363177533,4.102500057265278,1.3347315834174345
hungry,0.2712508966464831,False,False,False,0.008872518428914003,1.211910318438778,1.1753597802297864,0.9383767889884223,0.21726258725725883,10.553388066034053,2.8626159755700313
icecream,0.3376844559388848,False,False,False,1.4179721343754854,1.697011064989318,1.6984383780305723,0.7364414602026126,0.0602665407351046,4.15073322880807,1.4016380921175038
if,0.4831596740544199,False,False,False,1.6451259089418546,2.137681621272404,2.0701678781497774,1.1627601695727696,0.1546448637556497,5.064283836649129,2.4468577278344603
into,0.5068644522637793,False,False,False,1.535833671529696,1.73191146389193,1.7295500979313547,1.2069635761773387,0.1260977604267832,6.442854246354565,3.265653788593871
jacket,0.8614698292652289,False,False,False,1.23156845626425,1.8893723602672161,1.8800655339700412,1.0425501233524042,0.27474796223762427,7.526708308996276,6.484032121880201
jeans,0.4224265436889483,False,False,False,0.9811628135007351,1.5295728819068848,1.5332217310608502,0.8731325287711864,0.3038150090303507,17.225555321466192,7.276531797569734
jump,0.5387368603323965,True,False,False,0.767377664575703,1.3396498934058816,1.4199590295012103,1.423813519227516,0.24112327783898432,3.8508083071678714,2.0745723771455298
kiss,0.37460418151059083,True,False,False,0.7847798103060326,1.0371773502927892,1.024392172945334,1.1417965645522261,0.12245278831324789,2.7783238742339464,1.0407717408787411
kitty,0.6322804152109173,False,False,False,1.1188964238125299,2.1212828673185293,2.1120944599665608,0.8727917763051198,0.19986465239406798,8.185217823164749,5.175352923822407
lamp,0.37222700370629386,False,False,False,1.3724458844625838,1.648475595910857,1.6808996136816652,0.6959273602351768,0.08266393193347794,3.6078876597564737,1.3429532133000648
later,0.60527077961721,True,False,False,0.9885322003302788,1.3755728381287955,1.3629962082098679,1.085371130546254,0.17794887917073923,8.067466739359958,4.883001882868313
like,0.6227570178256835,False,False,False,0.8876432827414149,1.3521044456529554,1.3174428164931689,1.2345241739914774,0.2795899869065642,8.230357794375655,5.125513075663752
lion,0.20574646852918346,False,False,False,1.8080522485492305,1.9638593194457843,1.9677422293929794,0.5314360660126409,0.038903805315398124,2.998764298557377,0.6169851643795743
lips,0.14124161570402569,True,False,False,0.8185212793520308,1.1355155973801139,1.1903842434700254,0.6286468045220166,0.18158764856343101,11.044845987783496,1.5599918925166665
listen,0.49282924303220293,False,False,False,1.6871172049516916,2.157701833950467,2.0967160410826784,1.1869002441250727,0.10213031554406977,4.588791313506865,2.261490549468337
look,0.08180271920398964,True,False,False,1.6669329829731234,2.0996154064423127,2.1141721866403103,1.7585108156382234,0.11640066961370416,7.981598348678406,0.6529164485159671
loud,0.9127338595226461,False,False,False,1.9301867887550164,2.152973553737696,2.1523211736748356,1.0328294400702067,0.06319474089937327,1.3011589878901846,1.1876118648695881
mad,0.09374663914778883,True,False,False,0.958670998435463,1.2744344882642373,1.2554493277776138,0.8301788047710106,0.073151367083111,8.365235787224073,0.7842127407310644
make,0.9967454626833246,True,False,False,1.2757045405016332,1.4294541717770086,1.4472891853756225,1.0425407950525298,0.10518537431547274,3.293946626473021,3.283226354258028
man,0.7904462832900231,False,False,False,1.2365462103005347,1.5032338088832362,1.5252420373493674,0.7734278864969175,0.05067386638190518,1.1866560938470958,0.9379878989248938
many,0.5235747186136921,False,False,False,1.6063254425682092,1.8337553431677236,1.8361317392066436,1.2606076268115713,0.09232614980151131,4.272894611240066,2.237179593745979
milk,0.29250650617666696,True,False,False,1.6124262068765138,2.043897832531998,2.046455263135041,1.760641859573103,0.06659677856214492,7.112627571761945,2.080489840751917
minemy,0.47804088005519724,True,False,False,1.1485099731183837,1.2538817271590834,1.26216340660611,1.2539836317167135,0.04700436325886651,1.4896720744390628,0.7121241494585009
mitten,0.6940173596817639,True,False,False,1.4766299788465331,1.652503233198723,1.6539385808752112,1.5871476864888792,0.1377676303988512,2.652839239802924,1.8411164848682031
mom,0.3783346982126384,True,False,False,0.7389717868053258,0.9161314612784492,1.0011808730566332,0.707927839338423,0.19150007892091828,7.088664682139817,2.6818878132479558
moon,0.6412506618074718,False,False,False,1.4464697487824298,1.6973870122216042,1.6640421579688203,0.6399747090316947,0.12888237074930642,5.1240415720554315,3.285795049209544
morning,0.6567989838632874,True,False,False,2.0115236998074124,2.3046593127045685,2.30725460959203,1.8776697189765015,0.09146434441442379,2.48669059961721,1.6332558590109723
mouse,0.9435938325006646,True,False,False,1.1987949687642552,1.3598069516755094,1.3614921483598539,1.5625617521484942,0.16300203726835363,2.8039456057347394,2.6457857802386404
mouth,0.247110572902615,True,False,False,1.0448863660314756,1.2326976401289378,1.2567248094436336,0.5931935647070633,0.11026574013020048,7.2207309005004126,1.784318949598272
nap,0.43847691730513105,False,False,False,1.662294145533755,2.0806209123537327,2.055786900960115,1.0896781779372262,0.14381052722658233,7.869972820213212,3.4508014214822573
napkin,0.29867510314366746,False,False,False,1.7358797098430208,1.957413305694648,1.9177077816647623,1.3022318520753355,0.11574518202904702,5.990003194313005,1.7890648218923344
night,0.3822079336868747,True,False,False,1.75969975609458,2.13638910740878,2.150574842429551,1.7469535241114713,0.24204694608505853,11.064188024041556,4.228820442591989
no,0.3338608359217017,True,False,False,1.5798676944443615,1.7504856022586082,1.7400333811319322,1.6758926872785178,0.044690518854074525,2.4786326675518744,0.827518374331706
noisy,0.11384566435254441,True,False,False,1.648367133994667,2.218779996448099,2.209099658783795,1.864621751816998,0.09980099179703533,8.105676768923464,0.9227961567850774
nose,0.2015393941617142,False,False,False,1.4278909142844751,1.5844663049933279,1.547971536374805,1.4869081082422166,0.07708856657184289,5.646788707038079,1.1380503749756639
not,0.9143211248231626,True,False,False,1.3958542824908708,1.4809714846942215,1.4776281461154357,1.6652891463500166,0.08561698132208334,0.5686749611174307,0.5199515301076575
now,0.9648194658247602,False,False,False,1.7146793556823232,1.8424641319019668,1.8515573052972405,1.0457736697464386,0.10063601629841844,2.334702648178474,2.2525665618752084
nuts,0.32114820518032544,False,False,False,1.5806585617120892,1.9262110606372103,1.9073494211501887,1.0327992070598693,0.0907414715301057,3.4176292956604155,1.0975655142730423
old,0.8163310317710055,True,False,False,0.8134555464250277,1.331089935371569,1.3363413710890488,1.3374606190413942,0.3374826625715736,3.0822395716101245,2.516127809657915
on,0.6595854218034147,True,False,False,1.8424570947471255,2.1471711565755562,2.193120317781877,1.8154847367917895,0.2872221176814282,8.214328048854906,5.418051030935584
open,0.6573852176670287,False,False,False,1.4424703758903297,1.7728436666025242,1.7443101010129785,0.9579029254190834,0.10814864020921929,4.10711499752434,2.6999566866310563
orange,0.18348518922276502,True,False,False,0.7001588873012788,1.0749897166424833,1.079453696366123,1.420518673472587,0.05468322150709903,3.5428040192674892,0.6500520658544677
outside,0.9227232336887446,False,False,False,1.813576388877267,1.9321136215710828,1.9317753710961205,0.8659920905183498,0.06424565801437954,1.2626580115698773,1.1650838834787576
owie,0.1645512680080162,True,False,False,1.3066677877841573,1.7761006755363675,1.7834486847310138,1.670154758713621,0.13423071413230092,8.054642976830152,1.3254017151892639
owl,0.2587060201523275,True,False,False,0.6192604794858761,1.3103961907249357,1.3466446306417437,0.863685731328252,0.21198430335009613,12.325973107946538,3.1888034472614644
pajamas,0.5574231096350549,False,False,False,1.6591829436500742,1.859296222777701,1.843174628584137,1.171214290207451,0.11245692561312882,3.606960416888054,2.010603091912293
pen,0.3693746701920608,False,False,False,1.9996609777971925,2.2935738547102025,2.309256709065987,1.1454606716774531,0.1449733018559892,6.833780774314062,2.5242255196771026
pencil,0.34860120327784644,False,False,False,1.176305442204697,1.5239291935000545,1.486579640862726,0.8636926826320497,0.055726602738473394,3.831387169033727,1.3356261773484588
penny,0.4962247146772896,False,False,False,1.675348224161542,1.9984119705688301,1.96956708358777,1.1992532895224373,0.11703700954619607,5.177748153600241,2.569326600191143
person,0.1423806771559328,False,False,False,1.8526231908293769,2.314442457773633,2.3064076986466464,1.292299057799116,0.0884139282042791,7.565576006033539,1.0771918348137328
pig,0.18167192438514676,True,False,False,0.8928518888533503,1.2413926796445969,1.2305984002112913,1.464934760074839,0.04635381495228445,3.9739504432342376,0.7219552244335709
pizza,0.826740149392952,True,False,False,1.7645266312929442,1.898269910422694,1.9277672787018174,1.7267168257150258,0.11238813731732615,1.374599714456959,1.1364367732856555
please,0.42141049985489665,True,False,False,1.3458249635183839,1.5455958152813665,1.5286345579360736,0.894098292790819,0.0730711493692956,4.495266152505391,1.894352356308095
police,0.09367157686810294,True,True,True,0.311102887835855,0.9696792449750551,0.980628698795782,1.3657841293928876,0.04485458916620925,11.66822927127695,1.0929814350990676
pool,0.6577652343455226,False,False,False,1.4746131227671817,1.8116988462297696,1.781863012794246,0.9851674559141936,0.15706378964995021,5.964646992646803,3.9233374269066412
potty,0.37997110638540377,True,False,False,1.0470333369278095,1.4575367779293986,1.4382646686402774,0.7075951496846454,0.10425917559780266,4.364585488295138,1.6584163769011813
pretend,0.4866151045845388,True,False,False,2.0692782866873825,2.2691668946088877,2.2256172005262322,1.8345581533786348,0.08953648543003276,1.650960518418692,0.8033823253352562
pretty,0.4816291829113607,False,False,False,1.4409481853177213,1.8248036213491532,1.839489636584302,1.1494696278741499,0.12375271692695443,7.155505335377436,3.4463001879957162
puppy,0.7944435954601089,True,False,False,1.2164084276945997,1.4931040017610977,1.4566551431794568,1.452014293158781,0.1544306785524069,4.131343568749028,3.282119438837975
puzzle,0.7852533887859136,True,False,False,1.789065820368156,2.271695131406342,2.2537831267114523,1.8361383139873522,0.22325861373822725,6.160749058824883,4.837749075901867
quiet,0.9919138832981615,True,False,False,0.7600140404810538,1.7282764504946597,1.7219445478013262,1.4501107274787253,0.17208222166372905,5.110006218289261,5.068686111661053
radio,0.2833404455545207,True,False,False,2.200370451311973,2.3623137356443227,2.358917644810112,1.86173571414625,0.059111633022797774,1.9289099713246691,0.5465382107096896
rain,0.9821119234945306,False,False,False,2.103676793483728,2.28598604282997,2.2668193522509577,0.883500179263055,0.06448145086821805,1.7216763127467491,1.6908788351466808
read,0.13802656573479255,True,False,False,1.7073191438724662,1.9713861192278175,1.98378454477001,1.5482486158697963,0.14385223086579457,10.921190217668373,1.507414379481177
red,0.3688936393390252,False,False,False,0.7366976745767851,1.563351263459785,1.4924266152724166,1.658154485168833,0.18478356896461043,6.743529476836719,2.48764513070029
refrigerator,0.30464456906556037,True,False,False,1.3181881347947286,1.479602812566339,1.4861906897423083,1.4131428454279944,0.0671593817971719,2.590344822241221,0.7891344821028823
ride,0.5368336420469936,True,False,False,1.0650698337713354,1.5849476236501019,1.484482229128694,0.9897538678603863,0.38126346017204893,15.712022021427583,8.434742005685536
room,0.19938970441475437,True,False,False,1.5981814319083272,1.9125129553754778,1.9294932610704065,1.7826498982858796,0.10019135891899209,6.572483738499472,1.3104855898901895
sad,0.6566748219545377,True,False,False,1.7984868213443566,2.2275008092937876,2.1887398398348274,1.863640996696362,0.3033094521420795,6.12720883983429,4.023583773976452
same,0.823009327374666,True,False,False,1.277186248059328,1.3168645706147366,1.3246263688706406,1.6563757756262296,0.03704257633935037,0.563506716885032,0.4637712840346565
say,0.42725749452003675,True,False,False,1.1563969992484748,1.4358561874813638,1.4222712960340727,1.670065016059564,0.05038184138992583,2.572199595782108,1.0989915546993148
scissors,0.7338897987335496,False,False,False,2.0248745411720126,2.1415304365318475,2.1783213817376366,1.0023322838463353,0.09966547581186232,3.170816957817694,2.3270302189937535
see,0.3661948769290527,True,False,False,0.798033380122544,1.3337552723785424,1.3228631328660365,1.369674049051675,0.09664554002847589,6.2592928219519575,2.2921209645976
shhh,0.146084844708971,True,False,False,0.7818502602488525,1.0660620727473238,1.0622977516555063,1.3900778541618848,0.034680695205170434,2.501868502875672,0.36548507172485833
shirt,0.1428271739278122,True,False,False,1.0847472060896475,1.3080493816351215,1.2917743727795867,0.8611925717091025,0.09444072522777662,8.590865946163145,1.2270091046831624
shoe,0.9079391390681366,True,False,False,1.587213373090607,1.7097781086899397,1.7068972227910857,1.7986399371106874,0.07135257069221561,0.6383340341552254,0.5795684534087858
shower,0.19089959082218097,True,False,False,1.7499776610417532,2.433090297044192,2.4317240882729836,1.6319357598171154,0.05294920026886948,4.345690259545619,0.8295904923871961
sick,0.5200964232357539,False,False,False,1.9223979353364535,2.0062690786546256,2.0071410817356283,0.6241831962566112,0.033370594717256806,1.1507579495495928,0.5985050935708534
sleep,0.6873177379840734,False,False,False,1.5564249873413607,1.6517065251461616,1.641736150843223,0.7103452047052798,0.05160501577689753,0.7771359286454755,0.5341393085827605
sleepy,0.47862418933110557,True,False,False,0.8559227041957559,1.7294404033704938,1.6907744143574672,0.9557095046290325,0.30568865567287345,12.885110625708094,6.167125627671151
smile,0.4867270658149597,True,False,False,1.504521571202373,1.6298478251310233,1.627653009287435,1.5608786568441684,0.05595151338599956,1.476962296822558,0.7188775250517673
snack,0.18822693006003424,True,False,False,2.280472245201335,2.3583914235332375,2.360499920142117,2.0348508900397144,0.02418311569588599,1.4163798061277875,0.2666008227064599
snow,0.5593988530373404,True,False,False,0.990724201941054,1.8822302592871438,1.8711181834765496,1.5224952499925464,0.19055660746383693,2.921209855082951,1.6341214424147779
stairs,0.19272704502002702,False,False,False,1.4218763801657197,1.9214058512457184,1.8980016612758117,1.2788786897486293,0.05692077099211581,5.005609386772131,0.9647163056371024
stay,0.2357174894702183,True,False,False,0.882393640150711,1.2701919048611545,1.3031800114091308,1.4454808222341944,0.09874617636834551,8.60982913347767,2.0294873081109013
sticky,0.8214993846381269,True,False,False,1.4517362862033614,1.5925789568328055,1.5884769900394162,1.458909633559631,0.06064786412130231,1.0697645495788373,0.8788109191866977
store,0.13058763730509643,True,False,False,1.25527325562037,1.9227858628774226,1.9092715659096529,1.3422507108627657,0.08437321391330997,7.52918573751498,0.9832185762933112
story,0.9946874897309437,True,False,False,0.8350272649166465,1.2922737090806726,1.2973127862173037,1.572563580778965,0.1624414208770279,2.1800040590945593,2.168422765144035
stuck,0.1027647851318989,True,False,False,0.993196316186584,1.43824838703797,1.473179879423923,1.2927389016315622,0.12850542979488874,15.71610968889828,1.6150626352889863
sun,0.37472831172552495,False,False,False,1.725038171494686,2.148432785722693,2.151249629221504,0.8372251735235369,0.10162476410501373,4.5932621190076395,1.72122535916854
table,0.6349049268810512,True,False,False,1.2710819924933248,1.558790864727945,1.5504084032220713,1.6407941661019896,0.0997760995357386,2.1864301751030304,1.3881752904543134
talk,0.5667661500260374,True,False,False,1.6279622800415683,1.8182892992792576,1.8310485901088376,1.8950971686976876,0.10690467781957329,2.4274399191619964,1.37579077740296
taste,0.19470522760605,True,False,False,0.9812851295749763,1.142608236389865,1.136520288495249,1.3686495186095007,0.032430070334825124,2.52359885387996,0.4913578892310645
thankyou,0.13735216616187604,True,False,False,0.8995964415498652,1.3475948478254391,1.3358014653543917,1.4094467762828713,0.11651642447163557,12.982640449094422,1.78319378818391
that,0.6937748065989383,False,False,False,1.2581751788052222,1.396708208668789,1.431604837294309,0.7892057576956477,0.12576450763233804,3.0595198714310077,2.122617807087656
there,0.1753011336225887,True,False,False,0.9645806899361258,1.2740672955376169,1.303011584027302,1.43599852622637,0.06192045383222954,4.248880824174887,0.7448336251051367
think,0.044464558168623054,True,False,False,1.4808040609820887,2.2652885662172846,2.271951847321169,1.9057885101688337,0.036878445664403986,6.170430152606551,0.27436545044599964
thirsty,0.20641064869059159,False,False,False,1.264386971577043,1.5113889192872119,1.4975589797461444,0.7860139683692493,0.0945202866162664,7.773712421542612,1.60457702366472
tiger,0.27175314553752833,True,False,False,0.872607751808223,1.2402602727798224,1.222171745981287,0.6780191892795325,0.10653789973683093,6.978615208370917,1.8964606343708306
time,0.25858358765482137,False,False,False,1.6989388845730369,1.9950911103442406,1.9795281855453242,1.0101724412890118,0.07360319291376155,4.229313235094782,1.0936309896468277
tomorrow,0.14742165144527333,False,False,False,1.3557034456966546,1.5349217558593238,1.5317410701904448,0.7995045197971504,0.04056121842005529,3.9934215006529774,0.5887167925433237
tongue,0.559403613131288,True,False,False,1.328002339209793,1.5104200669050893,1.5120819326954171,1.5052252553363596,0.04819630800651946,1.4801621889630405,0.8280080765262411
tooth,0.41949592070590846,False,False,False,1.3441011477134153,1.5189051146133665,1.5120003292195041,0.6566678859188871,0.05712333347599203,3.203233859207681,1.3437435370046664
toothbrush,0.3019383521282053,False,False,False,1.790634734232806,1.9063429335976165,1.892440820537181,1.197745694959473,0.0808029200913746,5.931749437430763,1.7910226503752533
touch,0.20883331195221436,True,False,False,1.7196606653317228,1.9103461256270275,1.9043305988295072,1.3781251065511202,0.12582281072344742,5.65273309535037,1.18047897388391
toy,0.3552413366353413,False,False,False,2.0397742619529695,2.317886131031934,2.322263777518388,0.9754036914805428,0.09876152455281695,7.0805426104692,2.5153014210465674
tree,0.0659043118189078,True,False,False,1.4038899894887995,1.5828514266874802,1.590190107468789,0.9073775133376608,0.03816970012856287,8.094694372613668,0.5334752620114894
uncle,0.16596445032093635,False,False,False,1.602025346731297,2.1344292194565075,2.1290828879567663,0.8867131791922982,0.05695909743122093,5.531273916421257,0.9179948351133868
underwear,0.6553739321842289,False,False,False,1.4095468083749165,1.5440866103089923,1.5443719270901597,0.7115768414052277,0.05819969098581164,1.8350029698656027,1.202613111930558
up,0.2527401798431911,False,False,False,1.3288483738912438,1.5880541714740288,1.5723511221784738,1.162615870335105,0.07586689806152247,4.70950808542895,1.1902819204842754
vacuum,0.1498337745866039,True,False,False,1.827367908962927,2.1321104780593423,2.1668128374493483,1.5791749711968823,0.12175211373165373,10.650151406405016,1.5957523851404916
wait,0.7139257762977483,False,False,False,0.9866620948222937,1.6117985982855854,1.5977592945994619,1.399990503804411,0.21778852055370526,5.526773260007012,3.9457058900721433
wake,0.4647993364996176,True,True,True,0.3002540188220504,1.4557754079578966,1.4424937118056578,1.6876980731564748,0.37555428144997516,11.753461889144052,5.463001287647697
water,0.7894507935595898,False,False,False,1.3143512845029863,1.535781150369894,1.5776656630955073,1.6806782094544617,0.1589339185657014,2.4644573332516577,1.9455677974292716
wet,0.3814158259069984,False,False,False,1.6192382800055476,1.8655389984939736,1.8788722492772358,1.1602623988243588,0.09006050719437836,4.734579363328792,1.8058434981862819
weus,0.7958129158466103,False,False,False,1.2576773744508873,1.8827512267750324,1.7953994054372062,1.1876327729746574,0.14196141441481244,5.85135260831962,4.656581980873505
where,0.8062895334257227,False,False,False,1.742180766243158,1.8301998724149642,1.8239652752503885,2.030620785439224,0.12529609525311042,1.7332167169829875,1.3974744980618758
white,0.21749430909030865,True,False,False,0.8977429420865098,1.1563304830886967,1.1439337615774983,0.6120536124160447,0.18287483055308867,10.255806248450813,2.23057949417088
who,0.541797217361683,False,False,False,1.6138420972674907,1.940969043501788,1.904987174400822,0.8695035676187977,0.1685500214258708,5.038498174754039,2.729844290763657
why,0.06321415822202679,True,False,False,1.5688553100263074,1.8962009966906588,1.9046933174058085,1.239629554505952,0.03814926766290836,5.886473180271951,0.37210844698742834
will,0.23130144343495704,True,False,False,1.2062268005634158,1.717341369722904,1.6417466481690153,0.8061804783396112,0.372716776791713,13.40070755147696,3.0996029997063497
wolf,0.4750450816268707,False,False,False,1.8658378815340957,2.1892872665563,2.1900061739619057,1.3406378867681834,0.11869373387550605,5.3955784468927295,2.563143003728341
yellow,0.8217958901053605,False,False,False,1.9641082287394975,2.137180258266749,2.1392960183318195,0.8784240033928978,0.07227624123624297,1.864181538386965,1.5319767266566962
yes,0.298215087550691,True,False,False,1.453803323321491,1.716750342799547,1.7358621005681742,1.368551883892056,0.09753023047080875,5.407737891832055,1.6126690288638854
yesterday,0.2244620125219964,True,False,False,0.8869917180983143,1.8557181061768677,1.8368212643828719,1.5220215523381175,0.11824759621321647,9.511490322658391,2.1349682599073954
yourself,0.14283111073984553,True,False,False,0.8360816665542283,1.1728420681494682,1.1687239772799205,1.083399803925806,0.09243759571067063,7.658668959048161,1.0938961942096255
yucky,0.14759186892127105,True,False,False,1.044734579691314,1.2503480458302483,1.2738601073090736,1.2958594989151404,0.13801440529742667,9.716185509298983,1.4340299781032086
zebra,0.3844905321473766,True,True,True,0.5247974210873247,1.4185494750364072,1.4067753623017856,1.5514066121721153,0.2014987759992901,4.72645459311525,1.8172770416772948
zipper,0.7656001034873916,True,False,False,1.1497368675135256,1.4445038096933318,1.4559098056684192,1.2614179344122065,0.20790890779270885,5.915531642179427,4.528931637435509
