word,base_handshape,contact_part,kind,anchor,offset_x,offset_y,palm_faces,fingers_point,author_confidence,author_note,Q1_shape_right,Q2_place_right,Q3_orientation_right,reviewer_notes
after,B,palm,hand,dominant_median,0.16,0.1,toward_signer,toward_dominant,medium,Flat base held vertically; dominant B starts behind it and sweeps over and away.,,,,
all,B,palm,hand,dominant_last,0.14,0.16,toward_signer,toward_dominant,medium,Dominant circles outward and returns into the base palm; base is where it lands.,,,,
arm,B,forearm,forearm,dominant_median,0.3,0.14,down,toward_dominant,high,The dominant hand slides along the passive FOREARM. The base hand's shape is nearly irrelevant; the arm pose is the sign.,,,,
backyard,B,palm,hand,dominant_median,0.16,0.12,toward_signer,toward_dominant,low,Compound (back + yard). Placement is a guess; flag for review first.,,,,
before,B,palm,hand,dominant_median,0.16,0.1,toward_signer,toward_dominant,medium,Mirror of `after` in movement direction: dominant travels back toward the signer.,,,,
beside,A,side_of_hand,hand,dominant_median,0.3,0.02,toward_signer,up,medium,"Base A held upright; dominant moves alongside it. Lateral, not vertical.",,,,
brother,1,side_of_hand,hand,dominant_last,0.1,0.18,down,forward,medium,Second half of the compound: dominant index comes down onto the horizontal base index.,,,,
chair,1,fingers,hand,dominant_lowest,0.08,0.14,down,forward,high,"Base fingers horizontal, palm down; dominant taps down onto them twice.",,,,
chocolate,B,back_of_hand,hand,dominant_median,0.1,0.18,down,toward_dominant,high,Dominant C circles on the BACK of the base hand.,,,,
clean,B,palm,hand,dominant_median,0.12,0.16,up,toward_dominant,high,Dominant palm wipes across the open base palm. Sustained sliding contact.,,,,
closet,B,palm,hand,dominant_median,0.16,0.12,toward_signer,up,low,Regional variation is wide. Placeholder; review before use.,,,,
dance,B,palm,hand,dominant_median,0.12,0.2,up,toward_dominant,high,Dominant V swings over the open base palm without settling.,,,,
empty,B,back_of_hand,hand,dominant_median,0.1,0.16,down,forward,high,Dominant middle finger slides across the BACK of the base hand.,,,,
every,A,side_of_hand,hand,dominant_median,0.24,0.06,toward_dominant,up,medium,Dominant A brushes down the side of the upright base A.,,,,
fall,B,palm,hand,dominant_first,0.12,0.18,up,toward_dominant,high,"Dominant V STARTS standing on the base palm, then flips off. Anchor at the start.",,,,
first,A,thumb,hand,dominant_last,0.26,0.04,toward_dominant,up,medium,Dominant index taps the extended thumb of the base A.,,,,
flag,B,forearm,forearm,dominant_lowest,0.1,0.26,down,toward_dominant,medium,"The dominant ELBOW rests on the base hand/forearm while the flag waves. Elbow contact, not hand contact - this schema cannot express that.",,,,
garbage,B,palm,hand,dominant_median,0.12,0.2,up,forward,medium,Base held open as the receptacle; dominant scoops above it.,,,,
helicopter,1,fingertips,hand,dominant_lowest,0.06,0.22,toward_dominant,up,high,Base index vertical is the mast; the dominant 5 hand sits on top of it and shakes.,,,,
hide,B,under_palm,hand,dominant_last,0.12,0.14,down,toward_dominant,high,"Dominant A travels from the mouth to UNDER the base hand. Ends below, not touching.",,,,
into,C,opening,hand,dominant_last,0.14,0.12,toward_dominant,forward,high,The base C is the container; the dominant hand enters its opening.,,,,
jump,B,palm,hand,dominant_first,0.12,0.2,up,toward_dominant,high,"Dominant V stands on the base palm, leaves, returns. Anchor where it starts.",,,,
mitten,B,outline,hand,dominant_median,0.14,0.12,toward_signer,up,medium,Dominant traces the outline of the base hand. One static position approximates a moving contact.,,,,
morning,B,forearm,forearm,dominant_median,0.18,-0.04,down,toward_dominant,high,The base forearm is the HORIZON; the dominant forearm rises from beneath it. Base sits slightly ABOVE the dominant path - note the negative y.,,,,
night,B,back_of_hand,hand,dominant_last,0.1,0.14,down,toward_dominant,high,Base forearm horizontal is the horizon; the dominant arcs over and lands on its back.,,,,
on,B,back_of_hand,hand,dominant_last,0.08,0.16,down,forward,high,Dominant palm lands flat on the back of the base hand. The clearest contact sign in the set.,,,,
pen,B,palm,hand,dominant_median,0.14,0.18,up,toward_dominant,high,Base palm is the paper; the dominant writes across it.,,,,
pencil,B,palm,hand,dominant_median,0.14,0.18,up,toward_dominant,high,"As `pen`; the two differ in the dominant handshape, not the base.",,,,
read,B,palm,hand,dominant_median,0.16,0.14,toward_signer,up,high,Base is the open page held vertically; the dominant V scans down it.,,,,
ride,C,opening,hand,dominant_median,0.12,0.16,toward_dominant,forward,medium,Dominant U hooks into the base C and both travel together.,,,,
table,B,forearm,forearm,dominant_lowest,0.14,0.16,down,toward_dominant,high,"The dominant forearm rests along the passive FOREARM - the tabletop. Arm-on-arm, not hand-on-hand.",,,,
that,B,palm,hand,dominant_last,0.12,0.18,up,toward_dominant,high,Dominant Y drops onto the open base palm.,,,,
time,S,wrist,wrist,dominant_last,0.2,0.1,down,forward,high,"The dominant index taps the base WRIST, not the palm. Wrist position matters more than handshape here.",,,,
touch,B,back_of_hand,hand,dominant_last,0.1,0.18,down,forward,high,Dominant middle finger contacts the back of the base hand.,,,,
tree,B,forearm,forearm,dominant_lowest,0.16,0.24,down,toward_dominant,high,The passive forearm is the GROUND; the dominant elbow rests on it while the 5 hand twists. Elbow-on-arm contact.,,,,
