video_id,tied_glosses,clinical_concepts,label_type,signer_id,duration_ms,reason,verdict_keep_as,reviewer,notes
nj8cLTLF49wYFiwHCwdE,bad;badass,bad,freetext,50,2175.0,tied gloss may be a DIFFERENT sign (negation / intensifier / compound / homonym),,,
MlHNMoqybIO5csGsRCtM,cold;refrigerator,cold,asllex,59,2641.0,tied gloss may be a DIFFERENT sign (negation / intensifier / compound / homonym),,,
gjUjIgqMSMFc1XYpeHrd,address;block;face,face,freetext,57,2001.0,tied gloss may be a DIFFERENT sign (negation / intensifier / compound / homonym),,,
V4eh0L9Hew47K3ySgadm,done;finish,finish,freetext,60,1135.0,tied gloss may be a DIFFERENT sign (negation / intensifier / compound / homonym),,,
tqqZMM9O7WEqixZ7uhRo,give;give_me,give,freetext,57,1830.0,tied gloss may be a DIFFERENT sign (negation / intensifier / compound / homonym),,,
BGFYE1RUGlZD3n3CA14O,head;kiss,head,asllex,7,2717.0,tied gloss may be a DIFFERENT sign (negation / intensifier / compound / homonym),,,
PBiQBaqwWVoYJYuio4u0,hurt;pain,hurt;pain,asllex,7,2702.0,two CLINICAL concepts on one video — no neutral choice,,,
m30wKcOk4zPt0b6p3GBw,interpret;interpreter,interpreter,asllex,59,2738.0,tied gloss may be a DIFFERENT sign (negation / intensifier / compound / homonym),,,
7Jm7lbZNmodXwYHXRu6K,not;slide,not,asllex,8,1525.0,tied gloss may be a DIFFERENT sign (negation / intensifier / compound / homonym),,,
xI4PNGl8UVuO8pyzMhM9,example;show,show,asllex,62,1025.0,tied gloss may be a DIFFERENT sign (negation / intensifier / compound / homonym),,,
KMQzH0t00mmvLbp5K9BP,example;show,show,asllex,7,2607.0,tied gloss may be a DIFFERENT sign (negation / intensifier / compound / homonym),,,
zk6AAFXHjwo8pPahfin3,sick;very_sick,sick,freetext,8,1352.0,tied gloss may be a DIFFERENT sign (negation / intensifier / compound / homonym),,,
5cPC7GXktrI43yXUH95S,sick;upset,sick,freetext,53,1909.0,tied gloss may be a DIFFERENT sign (negation / intensifier / compound / homonym),,,
j5MQtiHSBIiKG1ltKR3o,sneeze;sneeze_2,sneeze,asllex,60,1136.0,tied gloss may be a DIFFERENT sign (negation / intensifier / compound / homonym),,,
bnnM6h44x4vJ2gIjvjmN,dominant;strong,strong,asllex,8,1355.0,tied gloss may be a DIFFERENT sign (negation / intensifier / compound / homonym),,,
WqpuLgcG8AwlVonQUlQ5,dominant;strong,strong,asllex,84,1234.0,tied gloss may be a DIFFERENT sign (negation / intensifier / compound / homonym),,,
KoTv4V9FjetMYeztJmEK,decrease;weak,weak,freetext,62,1392.0,tied gloss may be a DIFFERENT sign (negation / intensifier / compound / homonym),,,
