word,defect,ours,our_conf,semlex_cls,semlex_sign_type,nondom_handshape,minor_location,multiphase_frac,sem_lex_inconclusive,takes,question,verdict_1_2s_2a,reviewer_notes
fish,MISSING_HAND,1,med,2a,Asymmetrical Same Handshape,open_b,Finger Tip,0.0,,82,Does this sign need a SECOND (passive) hand? Ours says no.,,
sick,MISSING_HAND,1,med,2s,Symmetrical Or Alternating,open_8,Forehead,0.0,,200,Does this sign need a SECOND (passive) hand? Ours says no.,,
sticky,MISSING_HAND,1,med,2s,Symmetrical Or Alternating,8,Neutral,0.0,,30,Does this sign need a SECOND (passive) hand? Ours says no.,,
yourself,MISSING_HAND,1,high,2a,Asymmetrical Different Handshape,1,Finger Radial,0.0,,6,Does this sign need a SECOND (passive) hand? Ours says no.,,
cowboy,MISSING_HAND,1,high,2s,Symmetrical Or Alternating,,Hips,0.33,,12,Does this sign need a SECOND (passive) hand? Ours says no.,,
fast,MISSING_HAND,1,med,2s,Symmetrical Or Alternating,l,Neutral,0.66,YES - Sem-Lex annotates only phase 1 of a multi-phase sign,96,Does this sign need a SECOND (passive) hand? Ours says no.,,
blow,MISSING_HAND,1,high,2s,Symmetrical Or Alternating,o,Mouth,0.71,YES - Sem-Lex annotates only phase 1 of a multi-phase sign,42,Does this sign need a SECOND (passive) hand? Ours says no.,,
smile,MISSING_HAND,1,med,2s,Symmetrical Or Alternating,flat_1,Mouth,0.74,YES - Sem-Lex annotates only phase 1 of a multi-phase sign,23,Does this sign need a SECOND (passive) hand? Ours says no.,,
yucky,MISSING_HAND,1,med,2s,Symmetrical Or Alternating,1,Neutral,0.75,YES - Sem-Lex annotates only phase 1 of a multi-phase sign,8,Does this sign need a SECOND (passive) hand? Ours says no.,,
giraffe,MISSING_HAND,1,high,2a,Asymmetrical Same Handshape,c,Body Away,0.81,YES - Sem-Lex annotates only phase 1 of a multi-phase sign,16,Does this sign need a SECOND (passive) hand? Ours says no.,,
stay,MISSING_HAND,1,high,2s,Symmetrical Or Alternating,y,Neutral,0.82,YES - Sem-Lex annotates only phase 1 of a multi-phase sign,45,Does this sign need a SECOND (passive) hand? Ours says no.,,
refrigerator,MISSING_HAND,1,med,2s,Symmetrical Or Alternating,a,Body Away,0.92,YES - Sem-Lex annotates only phase 1 of a multi-phase sign,13,Does this sign need a SECOND (passive) hand? Ours says no.,,
wet,MISSING_HAND,1,high,2s,Symmetrical Or Alternating,5,Neutral,0.98,YES - Sem-Lex annotates only phase 1 of a multi-phase sign,60,Does this sign need a SECOND (passive) hand? Ours says no.,,
donkey,MISSING_HAND,1,high,2s,Symmetrical Or Alternating,open_b,Other,1.0,YES - Sem-Lex annotates only phase 1 of a multi-phase sign,4,Does this sign need a SECOND (passive) hand? Ours says no.,,
brother,PHANTOM_HAND,2a,med,1,One Handed,,Forehead,0.0,,22,Does this sign need a SECOND (passive) hand? Ours says yes.,,
first,PHANTOM_HAND,2a,high,1,One Handed,,Neutral,0.0,,49,Does this sign need a SECOND (passive) hand? Ours says yes.,,
hide,PHANTOM_HAND,2a,high,1,One Handed,,Mouth,0.0,,53,Does this sign need a SECOND (passive) hand? Ours says yes.,,
pencil,PHANTOM_HAND,2a,high,1,One Handed,,Mouth,0.0,,30,Does this sign need a SECOND (passive) hand? Ours says yes.,,
time,PHANTOM_HAND,2a,high,1,One Handed,,Wrist Back,0.0,,249,Does this sign need a SECOND (passive) hand? Ours says yes.,,
tree,PHANTOM_HAND,2a,high,1,One Handed,,Neutral,0.0,,124,Does this sign need a SECOND (passive) hand? Ours says yes.,,
backyard,PHANTOM_HAND,2a,med,1,One Handed,,Body Away,0.22,,9,Does this sign need a SECOND (passive) hand? Ours says yes.,,
snow,PHANTOM_HAND,2s,high,1,One Handed,,Torso Top,0.72,YES - Sem-Lex annotates only phase 1 of a multi-phase sign,32,Does this sign need a SECOND (passive) hand? Ours says yes.,,
flag,PHANTOM_HAND,2a,high,1,One Handed,,Neutral,0.79,YES - Sem-Lex annotates only phase 1 of a multi-phase sign,19,Does this sign need a SECOND (passive) hand? Ours says yes.,,
stairs,PHANTOM_HAND,2s,high,1,One Handed,,Neutral,0.92,YES - Sem-Lex annotates only phase 1 of a multi-phase sign,24,Does this sign need a SECOND (passive) hand? Ours says yes.,,
that,PHANTOM_HAND,2a,high,1,One Handed,,Neutral,0.94,YES - Sem-Lex annotates only phase 1 of a multi-phase sign,47,Does this sign need a SECOND (passive) hand? Ours says yes.,,
arm,PHANTOM_HAND,2a,high,1,One Handed,,Upper Arm,0.95,YES - Sem-Lex annotates only phase 1 of a multi-phase sign,22,Does this sign need a SECOND (passive) hand? Ours says yes.,,
happy,PHANTOM_HAND,2s,med,1,One Handed,,Torso Top,0.98,YES - Sem-Lex annotates only phase 1 of a multi-phase sign,157,Does this sign need a SECOND (passive) hand? Ours says yes.,,
morning,PHANTOM_HAND,2a,high,1,One Handed,,Neutral,0.98,YES - Sem-Lex annotates only phase 1 of a multi-phase sign,81,Does this sign need a SECOND (passive) hand? Ours says yes.,,
pool,WRONG_SYNTHESIS,2s,med,2a,Asymmetrical Different Handshape,,Neutral,0.29,,14,Is the passive hand a MIRROR of the dominant (2s) or a static base (2a)?,,
