handshape,description,anchor_word,n_takes,author_confidence,usable,agreement_xy,Q1_word_uses_this_handshape,Q2_drawn_template_looks_right,reviewer,notes
B,"flat hand, fingers together and extended, thumb alongside",thankyou,40,high,yes,0.131,,,,
B,"flat hand, fingers together and extended, thumb alongside",please,40,high,yes,0.131,,,,
B,"flat hand, fingers together and extended, thumb alongside",bad,40,high,yes,0.131,,,,
B,"flat hand, fingers together and extended, thumb alongside",white,40,high,yes,0.131,,,,
A,"fist with the thumb alongside the index, thumb up",tomorrow,40,high,yes,0.1804,,,,
A,"fist with the thumb alongside the index, thumb up",yesterday,40,high,yes,0.1804,,,,
A,"fist with the thumb alongside the index, thumb up",aunt,40,high,yes,0.1804,,,,
S,fist with the thumb crossed over the front of the fingers,yes,40,high,yes,0.1636,,,,
1,"index finger extended, remaining fingers closed",think,40,high,yes,0.1496,,,,
1,"index finger extended, remaining fingers closed",nose,40,high,yes,0.1496,,,,
1,"index finger extended, remaining fingers closed",eye,40,high,yes,0.1496,,,,
1,"index finger extended, remaining fingers closed",chin,40,high,yes,0.1496,,,,
5,all five fingers extended and spread,dad,40,high,yes,0.1525,,,,
5,all five fingers extended and spread,mom,40,high,yes,0.1525,,,,
5,all five fingers extended and spread,fine,40,high,yes,0.1525,,,,
5,all five fingers extended and spread,grandma,40,high,yes,0.1525,,,,
C,fingers and thumb curved into a C,drink,40,high,yes,0.1981,,,,
C,fingers and thumb curved into a C,hungry,40,high,yes,0.1981,,,,
C,fingers and thumb curved into a C,giraffe,40,high,yes,0.1981,,,,
O,"fingertips meeting the thumb in a round O. NO clean anchor exists in this 250-word vocabulary — all 250 words were checked 2026-08-12: flower and home are flattened-O (a DIFFERENT handshape) and old is dynamic C-to-S. This is unfixable from this vocabulary, not a measurement problem. Emitted for completeness; do not trust it.",flower,40,low,NO,0.2858,,,,
O,"fingertips meeting the thumb in a round O. NO clean anchor exists in this 250-word vocabulary — all 250 words were checked 2026-08-12: flower and home are flattened-O (a DIFFERENT handshape) and old is dynamic C-to-S. This is unfixable from this vocabulary, not a measurement problem. Emitted for completeness; do not trust it.",home,40,low,NO,0.2858,,,,
O,"fingertips meeting the thumb in a round O. NO clean anchor exists in this 250-word vocabulary — all 250 words were checked 2026-08-12: flower and home are flattened-O (a DIFFERENT handshape) and old is dynamic C-to-S. This is unfixable from this vocabulary, not a measurement problem. Emitted for completeness; do not trust it.",old,40,low,NO,0.2858,,,,
