word,semlex_label,ours,our_conf,asllex_sign_type,asllex_class,asllex_major_location,asllex_nondominant_hs,n_clips,n_modal,modal_share,agree,marked_form,verdict_keep_as,reviewer,notes
arm,arm,2a,high,One Handed,1,Arm,,21,21,1.0,compatible,,,,
backyard,backyard,2a,med,One Handed,1,Body,,2,2,1.0,NO,,,,
blow,blow,1,high,Symmetrical Or Alternating,2s,Head,o,32,32,1.0,NO,,,,
brother,brother,2a,med,One Handed,1,Head,,21,21,1.0,NO,,,,
cowboy,cowboy,1,high,Symmetrical Or Alternating,2s,Body,3,4,4,1.0,NO,,,,
donkey,donkey,1,high,Symmetrical Or Alternating,2s,Head,open_b,4,4,1.0,NO,,,,
fast,fast,1,med,Symmetrical Or Alternating,2s,Neutral,l,63,63,1.0,NO,,,,
first,first,2a,high,One Handed,1,Neutral,,37,37,1.0,NO,,,,
fish,fish,1,med,Asymmetrical Same Handshape,2a,Hand,open_b,71,71,1.0,NO,,,,
flag,flag,2a,high,One Handed,1,Neutral,,15,15,1.0,NO,,,,
giraffe,giraffe,1,high,Asymmetrical Same Handshape,2a,Body,c,13,13,1.0,NO,,,,
glasswindow,window,2s,med,Asymmetrical Same Handshape,2a,Hand,open_b,53,53,1.0,NO,,,,
happy,happy,2s,med,One Handed,1,Body,,162,162,1.0,NO,,,,
hide,hide,2a,high,One Handed,1,Head,,44,44,1.0,NO,,,,
minemy,mine,1,high,Asymmetrical Different Handshape,2a,Hand,B,5,5,1.0,NO,,,,
morning,morning,2a,high,One Handed,1,Neutral,,80,80,1.0,NO,,,,
pencil,pencil,2a,high,One Handed,1,Head,,29,29,1.0,NO,,,,
pool,pool,2s,med,Asymmetrical Different Handshape,2a,Neutral,Dominance Condition Violation,4,4,1.0,NO,,,,
refrigerator,refrigerator,1,med,Symmetrical Or Alternating,2s,Body,a,12,12,1.0,NO,,,,
sick,sick,1,med,Symmetrical Or Alternating,2s,Head,open_8,183,183,1.0,NO,,,,
smile,smile,1,med,Symmetrical Or Alternating,2s,Head,flat_1,18,18,1.0,NO,,,,
snow,snow,2s,high,One Handed,1,Body,,24,24,1.0,NO,,,,
stairs,stairs,2s,high,One Handed,1,Neutral,,22,22,1.0,NO,,,,
stay,stay,1,high,Symmetrical Or Alternating,2s,Neutral,y,37,37,1.0,NO,,,,
sticky,sticky,1,med,Symmetrical Or Alternating,2s,Neutral,8,28,28,1.0,NO,,,,
that,that,2a,high,One Handed,1,Neutral,,44,44,1.0,NO,,,,
time,time,2a,high,One Handed,1,Arm,,266,266,1.0,compatible,,,,
tree,tree,2a,high,One Handed,1,Neutral,,121,121,1.0,NO,,,,
wet,wet,1,high,Symmetrical Or Alternating,2s,Neutral,5,61,61,1.0,NO,,,,
yourself,yourself,1,high,Asymmetrical Different Handshape,2a,Hand,1,4,4,1.0,NO,,,,
yucky,yucky,1,med,Symmetrical Or Alternating,2s,Neutral,1,7,7,1.0,NO,,,,
zipper,zipper,1,med,Dominance Violation,2a,Body,Dominance Condition Violation,8,8,1.0,NO,yes,,,
after,after,2a,high,Asymmetrical Same Handshape,2a,Hand,open_b,13,13,1.0,yes,,,,
airplane,airplane,1,high,One Handed,1,Neutral,,50,50,1.0,yes,,,,
all,all,2a,med,Asymmetrical Same Handshape,2a,Hand,open_b,17,17,1.0,yes,,,,
animal,animal,2s,high,Symmetrical Or Alternating,2s,Body,flat_b,327,327,1.0,yes,,,,
any,any,1,high,One Handed,1,Neutral,,5,5,1.0,yes,,,,
apple,apple,1,high,One Handed,1,Head,,69,69,1.0,yes,,,,
aunt,aunt,1,high,One Handed,1,Head,,7,7,1.0,yes,,,,
awake,awake,2s,high,Symmetrical Or Alternating,2s,Head,f,54,54,1.0,yes,,,,
bad,bad,1,high,One Handed,1,Head,,116,116,1.0,yes,,,,
balloon,balloon,2s,high,Symmetrical Or Alternating,2s,Head,s,10,10,1.0,yes,,,,
bath,bath,2s,high,Symmetrical Or Alternating,2s,Body,a,36,36,1.0,yes,,,,
because,because,1,high,One Handed,1,Head,,2,2,1.0,yes,,,,
bed,bed,1,med,One Handed,1,Head,,46,46,1.0,yes,,,,
bedroom,bedroom,2s,med,Symmetrical Or Alternating,2s,Head,open_b,13,13,1.0,yes,,,,
before,before,2a,high,Asymmetrical Same Handshape,2a,Hand,flat_b,10,10,1.0,yes,,,,
better,better,1,high,One Handed,1,Head,,35,35,1.0,yes,,,,
bird,bird,1,high,One Handed,1,Head,,140,140,1.0,yes,,,,
black,black,1,high,One Handed,1,Head,,110,110,1.0,yes,,,,
blue,blue,1,high,One Handed,1,Neutral,,38,38,1.0,yes,,,,
boat,boat,2s,high,Symmetrical Or Alternating,2s,Neutral,open_b,103,103,1.0,yes,,,,
book,book,2s,high,Symmetrical Or Alternating,2s,Neutral,open_b,115,115,1.0,yes,,,,
boy,boy,1,high,One Handed,1,Head,,57,57,1.0,yes,,,,
brown,brown,1,high,One Handed,1,Head,,51,51,1.0,yes,,,,
bug,bug,1,high,One Handed,1,Head,,63,63,1.0,yes,,,,
bye,bye,1,high,One Handed,1,Neutral,,17,17,1.0,yes,,,,
callonphone,call,1,high,One Handed,1,Head,,44,44,1.0,yes,,,,
can,can,2s,high,Symmetrical Or Alternating,2s,Neutral,s,45,45,1.0,yes,,,,
car,car,2s,high,Symmetrical Or Alternating,2s,Neutral,s,273,273,1.0,yes,,,,
carrot,carrot,1,high,One Handed,1,Head,,17,17,1.0,yes,,,,
cat,cat,1,high,One Handed,1,Head,,51,51,1.0,yes,,,,
cereal,cereal,1,high,One Handed,1,Head,,17,17,1.0,yes,,,,
chair,chair,2a,high,Dominance Violation,2a,Hand,Dominance Condition Violation,41,41,1.0,yes,yes,,,
chocolate,chocolate,2a,high,Asymmetrical Different Handshape,2a,Hand,B,32,32,1.0,yes,,,,
clean,clean,2a,high,Asymmetrical Same Handshape,2a,Hand,open_b,265,265,1.0,yes,,,,
clown,clown,1,high,One Handed,1,Head,,25,25,1.0,yes,,,,
cow,cow,1,high,One Handed,1,Head,,67,67,1.0,yes,,,,
cry,cry,2s,med,Symmetrical Or Alternating,2s,Head,1,43,43,1.0,yes,,,,
dad,father,1,high,One Handed,1,Head,,35,35,1.0,yes,,,,
dance,dance,2a,high,Asymmetrical Different Handshape,2a,Hand,B,25,25,1.0,yes,,,,
dirty,dirty,1,high,One Handed,1,Head,,166,166,1.0,yes,,,,
dog,dog,1,high,One Handed,1,Neutral,,96,96,1.0,yes,,,,
doll,doll,1,high,One Handed,1,Head,,10,10,1.0,yes,,,,
down,down,1,high,One Handed,1,Neutral,,38,38,1.0,yes,,,,
drawer,drawer,2s,high,Symmetrical Or Alternating,2s,Neutral,curved_5,15,15,1.0,yes,,,,
drink,drink,1,high,One Handed,1,Head,,182,182,1.0,yes,,,,
drop,drop,2s,med,Symmetrical Or Alternating,2s,Neutral,s,22,22,1.0,yes,,,,
dry,dry,1,high,One Handed,1,Head,,110,110,1.0,yes,,,,
dryer,dryer,1,med,One Handed,1,Head,,5,5,1.0,yes,,,,
duck,duck,1,high,One Handed,1,Head,,16,16,1.0,yes,,,,
ear,ear,1,high,One Handed,1,Head,,20,20,1.0,yes,,,,
elephant,elephant,1,high,One Handed,1,Head,,16,16,1.0,yes,,,,
face,face,1,high,One Handed,1,Head,,33,33,1.0,yes,,,,
farm,farm,1,high,One Handed,1,Head,,102,102,1.0,yes,,,,
find,find,1,high,One Handed,1,Neutral,,54,54,1.0,yes,,,,
finish,finish,2s,high,Symmetrical Or Alternating,2s,Neutral,5,226,226,1.0,yes,,,,
fireman,fireman,1,high,One Handed,1,Head,,34,34,1.0,yes,,,,
flower,flower,1,high,One Handed,1,Head,,121,121,1.0,yes,,,,
for,for,1,high,One Handed,1,Head,,16,16,1.0,yes,,,,
frenchfries,frenchfries,1,high,One Handed,1,Neutral,,19,19,1.0,yes,,,,
frog,frog,1,high,One Handed,1,Head,,2,2,1.0,yes,,,,
gift,gift,2s,high,Symmetrical Or Alternating,2s,Neutral,bent_1,98,98,1.0,yes,,,,
girl,girl,1,high,One Handed,1,Head,,61,61,1.0,yes,,,,
give,give,1,med,One Handed,1,Neutral,,59,59,1.0,yes,,,,
go,go,2s,med,Symmetrical Or Alternating,2s,Neutral,1,46,46,1.0,yes,,,,
grandma,grandmother,1,high,One Handed,1,Head,,37,37,1.0,yes,,,,
grandpa,grandfather,1,high,One Handed,1,Head,,21,21,1.0,yes,,,,
grass,grass,1,high,One Handed,1,Head,,40,40,1.0,yes,,,,
green,green,1,high,One Handed,1,Neutral,,106,106,1.0,yes,,,,
gum,gum,1,high,One Handed,1,Head,,14,14,1.0,yes,,,,
hair,hair,1,high,One Handed,1,Head,,193,193,1.0,yes,,,,
hat,hat,1,high,One Handed,1,Head,,23,23,1.0,yes,,,,
hate,hate,2s,med,Symmetrical Or Alternating,2s,Head,5,26,26,1.0,yes,,,,
have,have,2s,high,Symmetrical Or Alternating,2s,Body,flat_b,28,28,1.0,yes,,,,
head,head,1,high,One Handed,1,Head,,43,43,1.0,yes,,,,
helicopter,helicopter,2a,high,Asymmetrical Different Handshape,2a,Hand,1,13,13,1.0,yes,,,,
hello,hello,1,high,One Handed,1,Head,,30,30,1.0,yes,,,,
hesheit,he,1,high,One Handed,1,Neutral,,3,3,1.0,yes,,,,
high,high,1,med,One Handed,1,Neutral,,37,37,1.0,yes,,,,
home,home,1,high,One Handed,1,Head,,71,71,1.0,yes,,,,
horse,horse,1,high,One Handed,1,Head,,48,48,1.0,yes,,,,
hot,hot,1,high,One Handed,1,Head,,206,206,1.0,yes,,,,
hungry,hungry,1,high,One Handed,1,Body,,74,74,1.0,yes,,,,
icecream,icecream,1,high,One Handed,1,Head,,39,39,1.0,yes,,,,
if,if,1,high,One Handed,1,Head,,2,2,1.0,yes,,,,
jacket,jacket,2s,high,Symmetrical Or Alternating,2s,Body,a,97,97,1.0,yes,,,,
jump,jump,2a,high,Asymmetrical Different Handshape,2a,Hand,B,57,57,1.0,yes,,,,
kiss,kiss,1,high,One Handed,1,Head,,2,2,1.0,yes,,,,
lamp,lamp,1,med,One Handed,1,Neutral,,7,7,1.0,yes,,,,
later,later,1,med,One Handed,1,Neutral,,54,54,1.0,yes,,,,
like,like,1,high,One Handed,1,Body,,66,66,1.0,yes,,,,
lion,lion,1,high,One Handed,1,Head,,17,17,1.0,yes,,,,
lips,lips,1,high,One Handed,1,Head,,7,7,1.0,yes,,,,
listen,listen,1,high,One Handed,1,Head,,58,58,1.0,yes,,,,
loud,loud,2s,med,Symmetrical Or Alternating,2s,Head,1,101,101,1.0,yes,,,,
mad,mad,1,high,One Handed,1,Head,,84,84,1.0,yes,,,,
make,make,2s,high,Symmetrical Or Alternating,2s,Neutral,s,70,70,1.0,yes,,,,
man,man,1,high,One Handed,1,Head,,95,95,1.0,yes,,,,
many,many,2s,high,Symmetrical Or Alternating,2s,Neutral,s,85,85,1.0,yes,,,,
milk,milk,1,high,One Handed,1,Neutral,,86,86,1.0,yes,,,,
mom,mother,1,high,One Handed,1,Head,,40,40,1.0,yes,,,,
moon,moon,1,high,One Handed,1,Head,,56,56,1.0,yes,,,,
mouse,mouse,1,high,One Handed,1,Head,,25,25,1.0,yes,,,,
mouth,mouth,1,high,One Handed,1,Head,,26,26,1.0,yes,,,,
napkin,napkin,1,high,One Handed,1,Head,,7,7,1.0,yes,,,,
night,night,2a,high,Asymmetrical Same Handshape,2a,Hand,flat_b,104,104,1.0,yes,,,,
no,no,1,high,One Handed,1,Neutral,,64,64,1.0,yes,,,,
nose,nose,1,high,One Handed,1,Head,,34,34,1.0,yes,,,,
not,not,1,high,One Handed,1,Head,,51,51,1.0,yes,,,,
now,now,2s,high,Symmetrical Or Alternating,2s,Neutral,y,57,57,1.0,yes,,,,
old,old,1,high,One Handed,1,Head,,136,136,1.0,yes,,,,
on,on,2a,high,Asymmetrical Same Handshape,2a,Hand,open_b,19,19,1.0,yes,,,,
open,open,2s,high,Symmetrical Or Alternating,2s,Neutral,closed_b,87,87,1.0,yes,,,,
orange,orange,1,high,One Handed,1,Head,,82,82,1.0,yes,,,,
outside,outside,1,high,One Handed,1,Neutral,,83,83,1.0,yes,,,,
owie,hurt,2s,med,Symmetrical Or Alternating,2s,Neutral,1,224,224,1.0,yes,,,,
owl,owl,2s,high,Symmetrical Or Alternating,2s,Head,o,8,8,1.0,yes,,,,
pen,pen,2a,high,Asymmetrical Different Handshape,2a,Hand,B,2,2,1.0,yes,,,,
penny,penny,1,high,One Handed,1,Head,,1,1,1.0,yes,,,,
person,person,2s,high,Symmetrical Or Alternating,2s,Neutral,p,53,53,1.0,yes,,,,
pig,pig,1,high,One Handed,1,Head,,42,42,1.0,yes,,,,
please,please,1,high,One Handed,1,Body,,24,24,1.0,yes,,,,
potty,toilet,1,high,One Handed,1,Neutral,,9,9,1.0,yes,,,,
pretend,pretend,1,med,One Handed,1,Head,,3,3,1.0,yes,,,,
pretty,pretty,1,high,One Handed,1,Head,,235,235,1.0,yes,,,,
quiet,quiet,2s,high,Symmetrical Or Alternating,2s,Head,closed_b,64,64,1.0,yes,,,,
radio,radio,1,high,One Handed,1,Head,,10,10,1.0,yes,,,,
rain,rain,2s,high,Symmetrical Or Alternating,2s,Neutral,spread_open_e,141,141,1.0,yes,,,,
read,read,2a,high,Asymmetrical Different Handshape,2a,Hand,B,118,118,1.0,yes,,,,
red,red,1,high,One Handed,1,Head,,145,145,1.0,yes,,,,
room,room,2s,high,Symmetrical Or Alternating,2s,Neutral,open_b,35,35,1.0,yes,,,,
sad,sad,2s,high,Symmetrical Or Alternating,2s,Head,5,183,183,1.0,yes,,,,
scissors,scissors,1,high,One Handed,1,Neutral,,20,20,1.0,yes,,,,
see,see,1,high,One Handed,1,Head,,125,125,1.0,yes,,,,
shirt,shirt,1,med,One Handed,1,Body,,14,14,1.0,yes,,,,
shower,shower,1,high,One Handed,1,Head,,39,39,1.0,yes,,,,
sleep,sleep,1,high,One Handed,1,Head,,204,204,1.0,yes,,,,
stuck,stuck,1,high,One Handed,1,Body,,64,64,1.0,yes,,,,
sun,sun,1,high,One Handed,1,Head,,117,117,1.0,yes,,,,
talk,talk,1,med,One Handed,1,Head,,35,35,1.0,yes,,,,
taste,taste,1,high,One Handed,1,Head,,36,36,1.0,yes,,,,
thankyou,thank_you,1,high,One Handed,1,Head,,36,36,1.0,yes,,,,
there,there,1,high,One Handed,1,Neutral,,19,19,1.0,yes,,,,
think,think,1,high,One Handed,1,Head,,32,32,1.0,yes,,,,
thirsty,thirsty,1,high,One Handed,1,Body,,20,20,1.0,yes,,,,
tiger,tiger,2s,high,Symmetrical Or Alternating,2s,Head,5,21,21,1.0,yes,,,,
tomorrow,tomorrow,1,high,One Handed,1,Head,,43,43,1.0,yes,,,,
tongue,tongue,1,high,One Handed,1,Head,,3,3,1.0,yes,,,,
toothbrush,toothbrush,1,high,One Handed,1,Head,,23,23,1.0,yes,,,,
touch,touch,2a,high,Asymmetrical Different Handshape,2a,Hand,5,22,22,1.0,yes,,,,
uncle,uncle,1,high,One Handed,1,Head,,22,22,1.0,yes,,,,
underwear,underwear,2s,med,Symmetrical Or Alternating,2s,Body,l,4,4,1.0,yes,,,,
up,up,1,high,One Handed,1,Neutral,,55,55,1.0,yes,,,,
vacuum,vacuum,1,med,One Handed,1,Neutral,,13,13,1.0,yes,,,,
wait,wait,2s,high,Symmetrical Or Alternating,2s,Neutral,5,121,121,1.0,yes,,,,
water,water,1,high,One Handed,1,Head,,408,408,1.0,yes,,,,
weus,we,1,high,One Handed,1,Body,,15,15,1.0,yes,,,,
where,where,1,high,One Handed,1,Neutral,,124,124,1.0,yes,,,,
white,white,1,high,One Handed,1,Body,,115,115,1.0,yes,,,,
who,who,1,high,One Handed,1,Head,,83,83,1.0,yes,,,,
why,why,1,high,One Handed,1,Head,,31,31,1.0,yes,,,,
will,will,1,high,One Handed,1,Head,,28,28,1.0,yes,,,,
wolf,wolf,1,high,One Handed,1,Head,,18,18,1.0,yes,,,,
yellow,yellow,1,high,One Handed,1,Neutral,,111,111,1.0,yes,,,,
yes,yes,1,high,One Handed,1,Neutral,,53,53,1.0,yes,,,,
yesterday,yesterday,1,high,One Handed,1,Head,,22,22,1.0,yes,,,,
zebra,zebra,2s,med,Symmetrical Or Alternating,2s,Body,flat_4,5,5,1.0,yes,,,,
