word,class,conf,coverage_a,coverage_b,delta,tier_a,tier_b,exemplar_changed,valid_cand_a,valid_cand_b,fallback_a,fallback_b,source_a,source_b
hesheit,1,high,1.0,0.862,-0.138,A,A,yes,100,109,False,False,hesheit/62590_1321119584,hesheit/53618_3215234295
blow,1,high,0.957,0.891,-0.066,A,A,yes,74,81,False,False,blow/27610_729454618,blow/27610_1969352464
lips,1,high,1.0,0.958,-0.042,A,A,yes,126,135,False,False,lips/37055_1826518720,lips/30680_3797758443
duck,1,high,1.0,0.964,-0.036,A,A,yes,111,119,False,False,duck/34503_93473957,duck/62590_40333403
carrot,1,high,0.914,0.895,-0.019,A,A,yes,162,170,False,False,carrot/18796_1489566787,carrot/2044_729387874
talk,1,med,0.918,0.909,-0.009,A,A,yes,104,108,False,False,talk/37055_4151420926,talk/28656_1743425665
clown,1,high,1.0,1.0,0.0,A,A,,114,121,False,False,clown/28656_113573096,clown/28656_113573096
food,1,high,1.0,1.0,0.0,A,A,,127,134,False,False,food/53618_134298657,food/53618_134298657
icecream,1,high,1.0,1.0,0.0,A,A,,164,175,False,False,icecream/26734_2290215090,icecream/26734_2290215090
where,1,high,1.0,1.0,0.0,A,A,,152,156,False,False,where/61333_527059357,where/61333_527059357
shower,1,high,0.923,0.925,0.002,A,A,yes,170,174,False,False,shower/34503_4030572388,shower/28656_3205286571
hen,1,high,0.889,0.892,0.003,A,A,yes,119,127,False,False,hen/53618_78557588,hen/37055_3944456219
donkey,1,high,0.957,0.961,0.004,A,A,,187,195,False,False,donkey/27610_181107961,donkey/27610_181107961
kiss,1,high,0.935,0.941,0.006,A,A,,153,160,False,False,kiss/36257_257560896,kiss/36257_257560896
dad,1,high,0.966,0.974,0.008,A,A,,165,169,False,False,dad/32319_3677562164,dad/32319_3677562164
cat,1,high,0.824,0.833,0.009,A,A,yes,175,180,False,False,cat/28656_64731261,cat/62590_1381306687
wolf,1,high,0.945,0.954,0.009,A,A,,121,129,False,False,wolf/18796_3267603340,wolf/18796_3267603340
home,1,high,0.937,0.947,0.01,A,A,,169,172,False,False,home/18796_4227102150,home/18796_4227102150
mouse,1,high,0.968,0.978,0.01,A,A,yes,117,124,False,False,mouse/27610_1570154269,mouse/53618_3864221477
grandpa,1,high,0.898,0.909,0.011,A,A,,166,173,False,False,grandpa/55372_4196463560,grandpa/55372_4196463560
hello,1,high,0.954,0.965,0.011,A,A,,177,180,False,False,hello/28656_3089866419,hello/28656_3089866419
goose,1,high,0.958,0.97,0.012,A,A,yes,88,93,False,False,goose/61333_3102321201,goose/18796_4027857827
shhh,1,high,0.948,0.96,0.012,A,A,,78,87,False,False,shhh/28656_854097944,shhh/28656_854097944
bug,1,high,0.887,0.9,0.013,A,A,yes,110,118,False,False,bug/30680_307947244,bug/37055_477571951
sleepy,1,high,0.808,0.821,0.013,A,A,yes,180,187,False,False,sleepy/61333_873019160,sleepy/22343_3216957585
grass,1,high,0.903,0.917,0.014,A,A,,122,133,False,False,grass/62590_2153089055,grass/62590_2153089055
lion,1,high,0.904,0.918,0.014,A,A,,181,185,False,False,lion/32319_2006565017,lion/32319_2006565017
see,1,high,0.97,0.984,0.014,A,A,,151,156,False,False,see/55372_3584505440,see/55372_3584505440
pizza,1,med,0.811,0.826,0.015,A,A,yes,153,157,False,False,pizza/55372_489295013,pizza/2044_3203781722
girl,1,high,0.864,0.882,0.018,A,A,,141,151,False,False,girl/25571_2513415034,girl/25571_2513415034
mad,1,high,0.889,0.909,0.02,A,A,yes,105,111,False,False,mad/55372_994158167,mad/27610_2844800732
fireman,1,high,0.919,0.94,0.021,A,A,yes,167,173,False,False,fireman/37779_4058650383,fireman/49445_2325463547
frenchfries,1,high,0.906,0.928,0.022,A,A,,131,138,False,False,frenchfries/62590_618759011,frenchfries/62590_618759011
please,1,high,0.79,0.812,0.022,A,A,yes,117,127,False,False,please/55372_331709473,please/2044_1389923727
tongue,1,high,0.907,0.929,0.022,A,A,,126,129,False,False,tongue/2044_3440225718,tongue/2044_3440225718
listen,1,high,0.945,0.969,0.024,A,A,,183,188,False,False,listen/18796_1288034746,listen/18796_1288034746
kitty,1,high,0.869,0.895,0.026,A,A,yes,167,174,False,False,kitty/18796_2581143263,kitty/62590_2895190280
sun,1,high,0.848,0.875,0.027,A,A,,190,195,False,False,sun/53618_672171022,sun/53618_672171022
taste,1,high,0.951,0.978,0.027,A,A,,116,122,False,False,taste/18796_2072952777,taste/18796_2072952777
cow,1,high,0.932,0.96,0.028,A,A,yes,184,190,False,False,cow/53618_1669816197,cow/55372_519523679
radio,1,high,0.876,0.905,0.029,A,A,,171,180,False,False,radio/36257_681922462,radio/36257_681922462
sleep,1,high,0.836,0.865,0.029,A,A,,156,165,False,False,sleep/61333_1837891864,sleep/61333_1837891864
think,1,high,0.92,0.95,0.03,A,A,,179,184,False,False,think/55372_3655174033,think/55372_3655174033
bird,1,high,0.916,0.947,0.031,A,A,,132,139,False,False,bird/18796_3137211005,bird/18796_3137211005
mouth,1,high,0.866,0.897,0.031,A,A,,168,174,False,False,mouth/53618_639834071,mouth/53618_639834071
sick,1,med,0.861,0.893,0.032,A,A,,139,143,False,False,sick/28656_4027387947,sick/28656_4027387947
stuck,1,high,0.932,0.964,0.032,A,A,,111,116,False,False,stuck/26734_4273066531,stuck/26734_4273066531
dog,1,high,0.932,0.966,0.034,A,A,yes,154,157,False,False,dog/27610_532181076,dog/27610_2679311754
giraffe,1,high,0.877,0.911,0.034,A,A,yes,177,181,False,False,giraffe/61333_3065549361,giraffe/61333_4016631528
blue,1,high,0.802,0.837,0.035,A,A,,144,152,False,False,blue/29302_940797845,blue/29302_940797845
frog,1,high,0.854,0.889,0.035,A,A,yes,113,119,False,False,frog/2044_3199250962,frog/18796_3602709333
mom,1,high,0.918,0.953,0.035,A,A,,108,114,False,False,mom/22343_4252318676,mom/22343_4252318676
nose,1,high,0.931,0.966,0.035,A,A,yes,128,134,False,False,nose/62590_2376428663,nose/16069_3283893804
red,1,high,0.922,0.957,0.035,A,A,,139,145,False,False,red/55372_1681137759,red/55372_1681137759
for,1,high,0.821,0.857,0.036,A,A,yes,190,196,False,False,for/62590_2729564913,for/53618_1942074209
why,1,high,0.913,0.949,0.036,A,A,,138,143,False,False,why/36257_4076730752,why/36257_4076730752
brown,1,high,0.918,0.955,0.037,A,A,yes,169,173,False,False,brown/2044_289200378,brown/2044_2936667135
dirty,1,high,0.712,0.75,0.038,A,A,,105,114,False,False,dirty/37055_1174992958,dirty/37055_1174992958
smile,1,med,0.879,0.917,0.038,A,A,,156,163,False,False,smile/55372_571269609,smile/55372_571269609
potty,1,high,0.855,0.895,0.04,A,A,,149,152,False,False,potty/53618_3633726117,potty/53618_3633726117
yellow,1,high,0.843,0.883,0.04,A,A,,161,171,False,False,yellow/53618_1325970080,yellow/53618_1325970080
like,1,high,0.826,0.867,0.041,A,A,yes,83,91,False,False,like/55372_1324445005,like/53618_1566844378
TV,1,high,0.878,0.92,0.042,A,A,yes,128,131,False,False,TV/53618_1962886557,TV/61333_4283143318
uncle,1,high,0.921,0.963,0.042,A,A,yes,214,221,False,False,uncle/22343_2033818878,uncle/61333_2995707386
green,1,high,0.796,0.839,0.043,A,A,yes,142,145,False,False,green/37055_3004584043,green/18796_3397982163
yesterday,1,high,0.885,0.93,0.045,A,A,yes,194,198,False,False,yesterday/53618_363219953,yesterday/18796_222829085
drink,1,high,0.877,0.923,0.046,A,A,,120,130,False,False,drink/36257_1409784839,drink/36257_1409784839
later,1,med,0.801,0.847,0.046,A,A,yes,128,135,False,False,later/34503_3709784958,later/62590_1790169371
snack,1,med,0.92,0.966,0.046,A,A,,126,132,False,False,snack/28656_4010142475,snack/28656_4010142475
hungry,1,high,0.712,0.76,0.048,A,A,,89,93,False,False,hungry/49445_978613220,hungry/49445_978613220
who,1,high,0.919,0.967,0.048,A,A,yes,89,98,False,False,who/4718_2824850640,who/49445_441833540
aunt,1,high,0.9,0.949,0.049,A,A,yes,193,199,False,False,aunt/22343_786337954,aunt/61333_2171668120
orange,1,high,0.908,0.958,0.05,A,A,,108,120,False,False,orange/2044_709442932,orange/2044_709442932
chin,1,high,0.875,0.926,0.051,A,A,yes,126,132,False,False,chin/62590_1974406352,chin/53618_3633444700
finger,1,high,0.905,0.957,0.052,A,A,,118,124,False,False,finger/55372_2229405410,finger/55372_2229405410
lamp,1,med,0.814,0.867,0.053,A,A,yes,164,172,False,False,lamp/62590_2115130319,lamp/22343_2323871064
hear,1,high,0.889,0.944,0.055,A,A,,158,164,False,False,hear/28656_217604537,hear/28656_217604537
look,1,high,0.751,0.806,0.055,A,A,yes,162,170,False,False,look/30680_3976985947,look/37055_1373124880
bad,1,high,0.781,0.839,0.058,A,A,yes,119,125,False,False,bad/2044_4081789927,bad/34503_718594545
cowboy,1,high,0.854,0.912,0.058,A,A,yes,204,210,False,False,cowboy/53618_1185814914,cowboy/27610_4223702977
no,1,high,0.84,0.9,0.06,A,A,yes,122,129,False,False,no/53618_4255145038,no/34503_4040156689
tooth,1,high,0.862,0.922,0.06,A,A,yes,132,140,False,False,tooth/37055_370333010,tooth/34503_4067943276
nap,1,med,0.748,0.81,0.062,A,A,yes,162,167,False,False,nap/32319_1479034270,nap/62590_3902434055
fast,1,med,0.726,0.789,0.063,A,A,,125,132,False,False,fast/55372_1115418609,fast/55372_1115418609
if,1,high,0.691,0.755,0.064,B,A,yes,144,151,False,False,if/62590_2604681313,if/28656_1482541329
any,1,high,0.848,0.913,0.065,A,A,,117,122,False,False,any/18796_3219618729,any/18796_3219618729
stay,1,high,0.805,0.87,0.065,A,A,yes,108,117,False,False,stay/62590_3339267919,stay/55372_983521618
up,1,high,0.876,0.941,0.065,A,A,,155,159,False,False,up/34503_3747645446,up/34503_3747645446
sticky,1,med,0.827,0.893,0.066,A,A,yes,116,121,False,False,sticky/27610_231529350,sticky/22343_1967675989
doll,1,high,0.9,0.967,0.067,A,A,yes,142,151,False,False,doll/16069_1527046199,doll/61333_3312652469
horse,1,high,0.889,0.956,0.067,A,A,,158,164,False,False,horse/30680_2926204624,horse/30680_2926204624
penny,1,high,0.833,0.9,0.067,A,A,yes,184,190,False,False,penny/55372_711523792,penny/27610_2542223198
there,1,high,0.79,0.857,0.067,A,A,,79,86,False,False,there/55372_2095043783,there/55372_2095043783
nuts,1,high,0.835,0.903,0.068,A,A,yes,154,162,False,False,nuts/26734_1268419062,nuts/4718_976591671
because,1,high,0.854,0.923,0.069,A,A,,178,180,False,False,because/55372_206925452,because/55372_206925452
high,1,med,0.718,0.787,0.069,A,A,yes,128,133,False,False,high/37055_4096025982,high/49445_3225494336
yourself,1,high,0.777,0.846,0.069,A,A,,127,137,False,False,yourself/53618_561682273,yourself/53618_561682273
boy,1,high,0.847,0.917,0.07,A,A,yes,184,190,False,False,boy/4718_3679774022,boy/61333_2662415429
shirt,1,med,0.652,0.724,0.072,B,A,,124,128,False,False,shirt/16069_1385978019,shirt/16069_1385978019
yes,1,high,0.738,0.81,0.072,A,A,,174,181,False,False,yes/27610_234902509,yes/27610_234902509
feet,1,high,0.818,0.892,0.074,A,A,yes,136,142,False,False,feet/61333_1083616683,feet/62590_4128441238
cereal,1,high,0.766,0.841,0.075,A,A,,140,145,False,False,cereal/61333_421462748,cereal/61333_421462748
yucky,1,med,0.74,0.815,0.075,A,A,yes,128,135,False,False,yucky/16069_2433002804,yucky/53618_931108748
cheek,1,high,0.831,0.912,0.081,A,A,yes,138,145,False,False,cheek/62590_1665488056,cheek/27610_1129233002
fine,1,high,0.774,0.855,0.081,A,A,yes,109,115,False,False,fine/26734_1143376237,fine/55372_3346289963
milk,1,high,0.797,0.878,0.081,A,A,yes,139,145,False,False,milk/37055_2616143946,milk/22343_3646511636
hot,1,high,0.796,0.88,0.084,A,A,,104,114,False,False,hot/61333_3789096795,hot/61333_3789096795
man,1,high,0.756,0.84,0.084,A,A,,172,176,False,False,man/26734_2700893083,man/26734_2700893083
elephant,1,high,0.726,0.811,0.085,A,A,,112,120,False,False,elephant/32319_307148182,elephant/32319_307148182
another,1,high,0.819,0.905,0.086,A,A,,123,129,False,False,another/16069_2158969634,another/16069_2158969634
napkin,1,high,0.843,0.929,0.086,A,A,,164,173,False,False,napkin/30680_2036784350,napkin/30680_2036784350
cute,1,high,0.794,0.882,0.088,A,A,,119,125,False,False,cute/34503_2082074963,cute/34503_2082074963
give,1,med,0.736,0.824,0.088,A,A,,94,98,False,False,give/53618_2984237549,give/53618_2984237549
will,1,high,0.626,0.714,0.088,B,A,yes,127,133,False,False,will/16069_2047674695,will/62590_884900213
gum,1,high,0.868,0.957,0.089,A,A,,139,144,False,False,gum/55372_2527226945,gum/55372_2527226945
pig,1,high,0.729,0.818,0.089,A,A,yes,91,100,False,False,pig/61333_2090547931,pig/37055_3942314527
eye,1,high,0.86,0.952,0.092,A,A,yes,142,146,False,False,eye/26734_2295046190,eye/22343_686825525
wet,1,high,0.783,0.875,0.092,A,A,yes,121,123,False,False,wet/34503_974573311,wet/2044_3524667719
apple,1,high,0.844,0.938,0.094,A,A,,158,166,False,False,apple/36257_3489326811,apple/36257_3489326811
head,1,high,0.758,0.852,0.094,A,A,yes,169,173,False,False,head/55372_2339484486,head/28656_1739054681
moon,1,high,0.783,0.878,0.095,A,A,,198,203,False,False,moon/61333_1479714719,moon/61333_1479714719
clean,2a,high,0.649,0.745,0.096,B,A,,9,146,False,False,clean/29302_2896313497,clean/29302_2896313497
water,1,high,0.768,0.864,0.096,A,A,,85,92,False,False,water/26734_194259025,water/26734_194259025
cut,1,med,0.804,0.901,0.097,A,A,,117,121,False,False,cut/55372_4047597944,cut/55372_4047597944
outside,1,high,0.8,0.897,0.097,A,A,,189,192,False,False,outside/18796_3312320336,outside/18796_3312320336
police,1,high,0.817,0.914,0.097,A,A,yes,83,91,False,False,police/53618_2372271101,police/61333_1374187294
not,1,high,0.633,0.733,0.1,B,A,,94,101,False,False,not/28656_277140215,not/28656_277140215
vacuum,1,med,0.567,0.667,0.1,B,B,,96,101,False,False,vacuum/55372_2252792247,vacuum/55372_2252792247
callonphone,1,high,0.842,0.944,0.102,A,A,yes,141,150,False,False,callonphone/28656_3886910885,callonphone/61333_63522078
find,1,high,0.866,0.968,0.102,A,A,,133,137,False,False,find/34503_2773983067,find/34503_2773983067
table,2a,med,0.603,0.705,0.102,B,A,,7,98,False,False,table/29302_3220764352,table/29302_3220764352
flower,1,high,0.803,0.906,0.103,A,A,,140,148,False,False,flower/4718_356696749,flower/4718_356696749
hair,1,high,0.867,0.971,0.104,A,A,yes,160,169,False,False,hair/32319_2572399335,hair/34503_2616023225
store,2s,high,0.822,0.929,0.107,A,A,,1,64,False,False,store/22343_1663033580,store/22343_1663033580
black,1,high,0.83,0.938,0.108,A,A,,161,164,False,False,black/55372_61399207,black/55372_61399207
haveto,1,high,0.792,0.9,0.108,A,A,,109,112,False,False,haveto/28656_253693228,haveto/28656_253693228
scissors,1,high,0.705,0.813,0.108,A,A,yes,130,134,False,False,scissors/26734_100328364,scissors/62590_2870002138
bye,1,high,0.814,0.923,0.109,A,A,yes,164,170,False,False,bye/36257_2724326417,bye/53618_3610150932
ear,1,high,0.802,0.912,0.11,A,A,,164,174,False,False,ear/18796_235588945,ear/18796_235588945
pretend,1,med,0.828,0.938,0.11,A,A,yes,170,179,False,False,pretend/55372_3914105494,pretend/61333_1198151868
tomorrow,1,high,0.731,0.846,0.115,A,A,,149,154,False,False,tomorrow/18796_2818634418,tomorrow/18796_2818634418
dryer,1,med,0.717,0.833,0.116,A,A,yes,157,161,False,False,dryer/18796_1288095136,dryer/37779_31821276
thirsty,1,high,0.827,0.944,0.117,A,A,,114,126,False,False,thirsty/55372_2727525298,thirsty/55372_2727525298
puppy,1,med,0.726,0.845,0.119,A,A,,141,145,False,False,puppy/16069_4292140954,puppy/16069_4292140954
airplane,1,high,0.805,0.925,0.12,A,A,,162,169,False,False,airplane/53618_3228820168,airplane/53618_3228820168
thankyou,1,high,0.764,0.885,0.121,A,A,,99,103,False,False,thankyou/62590_2770928395,thankyou/62590_2770928395
face,1,high,0.741,0.864,0.123,A,A,,179,188,False,False,face/55372_2346133671,face/55372_2346133671
bee,1,high,0.747,0.871,0.124,A,A,yes,154,160,False,False,bee/30680_2739684073,bee/61333_3108641467
boat,2s,high,0.586,0.714,0.128,B,A,,1,66,False,False,boat/29302_4131694408,boat/29302_4131694408
empty,2a,high,0.7,0.829,0.129,A,A,yes,6,137,False,False,empty/28656_2740117645,empty/34503_4292083407
old,1,high,0.783,0.913,0.13,A,A,,105,112,False,False,old/37055_2728279390,old/37055_2728279390
down,1,high,0.681,0.812,0.131,B,A,,73,78,False,False,down/32319_594920901,down/32319_594920901
white,1,high,0.68,0.812,0.132,B,A,yes,99,108,False,False,white/32319_1693220980,white/18796_3851304805
bed,1,med,0.719,0.852,0.133,A,A,,135,142,False,False,bed/27610_999348872,bed/27610_999348872
better,1,high,0.641,0.774,0.133,B,A,yes,140,148,False,False,better/55372_3842578648,better/26734_1596856736
pretty,1,high,0.628,0.763,0.135,B,A,yes,150,157,False,False,pretty/18796_1113356594,pretty/55372_125206773
farm,1,high,0.773,0.909,0.136,A,A,,128,134,False,False,farm/2044_2516226797,farm/2044_2516226797
fish,1,med,0.591,0.727,0.136,B,A,,127,135,False,False,fish/62590_179907873,fish/62590_179907873
hat,1,high,0.606,0.743,0.137,B,A,,114,119,False,False,hat/61333_2014124549,hat/61333_2014124549
minemy,1,high,0.758,0.896,0.138,A,A,,75,82,False,False,minemy/49445_2565881636,minemy/49445_2565881636
toothbrush,1,high,0.808,0.946,0.138,A,A,,147,156,False,False,toothbrush/55372_1527648494,toothbrush/55372_1527648494
grandma,1,high,0.725,0.864,0.139,A,A,yes,103,107,False,False,grandma/27610_170326989,grandma/61333_749641383
refrigerator,1,med,0.571,0.714,0.143,B,A,,105,105,False,False,refrigerator/62590_2660993636,refrigerator/62590_2660993636
dry,1,high,0.745,0.889,0.144,A,A,,146,155,False,False,dry/37055_2057611834,dry/37055_2057611834
car,2s,high,0.643,0.793,0.15,B,A,yes,5,75,False,False,car/29302_4134880778,car/28656_507587483
child,1,med,0.658,0.808,0.15,B,A,,130,133,False,False,child/55372_3410090553,child/55372_3410090553
say,1,high,0.773,0.923,0.15,A,A,,117,125,False,False,say/28656_482969578,say/28656_482969578
weus,1,high,0.683,0.833,0.15,B,A,,130,138,False,False,weus/28656_2336815667,weus/28656_2336815667
first,2a,high,0.754,0.909,0.155,A,A,yes,6,178,False,False,first/53618_4053587771,first/28656_1003656851
backyard,2a,med,0.615,0.783,0.168,B,A,yes,6,211,False,False,backyard/37055_3247142683,backyard/37779_1235937045
zipper,1,med,0.563,0.732,0.169,B,A,,90,98,False,False,zipper/62590_1733299037,zipper/62590_1733299037
flag,2a,high,0.636,0.808,0.172,B,A,yes,6,197,False,False,flag/29302_3120144447,flag/27610_351492603
drop,2s,med,0.453,0.629,0.176,C,B,yes,1,44,False,False,drop/27610_2982301616,drop/49445_1951845042
gift,2s,high,0.621,0.809,0.188,B,A,yes,4,86,False,False,gift/37055_2869688931,gift/37055_2582537224
owie,2s,med,0.541,0.747,0.206,B,A,yes,5,76,False,False,owie/29302_3968030540,owie/62590_3953775362
story,2s,high,0.612,0.818,0.206,B,A,yes,6,87,False,False,story/29302_3387006194,story/36257_2482334230
dance,2a,high,0.461,0.711,0.25,C,A,yes,4,133,False,False,dance/29302_1094617286,dance/18796_3361340154
all,2a,med,0.543,0.808,0.265,B,A,yes,4,168,False,False,all/29302_2525614174,all/49445_3867990648
go,2s,med,0.387,0.667,0.28,C,B,yes,3,70,False,False,go/29302_203487848,go/4718_2484922332
cry,2s,med,0.704,1.0,0.296,A,A,yes,2,86,False,False,cry/29302_2022837517,cry/37055_1871112562
rain,2s,high,0.418,0.718,0.3,C,A,yes,7,72,False,False,rain/22343_2549802373,rain/37055_1456200377
fall,2a,high,0.286,0.6,0.314,C,B,yes,3,130,False,False,fall/22343_1497652726,fall/55372_4088147576
awake,2s,high,0.68,1.0,0.32,B,A,yes,5,98,False,False,awake/22343_1827686342,awake/62590_1374635895
chair,2a,high,0.535,0.857,0.322,B,A,yes,5,161,False,False,chair/29302_3345459006,chair/62590_2338264825
toy,2s,high,0.612,0.935,0.323,B,A,yes,6,73,False,False,toy/29302_3883518285,toy/62590_1157491145
alligator,2s,high,0.445,0.78,0.335,C,A,yes,5,76,False,False,alligator/29302_2705772201,alligator/27610_2898793983
that,2a,high,0.483,0.828,0.345,C,A,yes,6,128,False,False,that/37055_191689909,that/32319_1025518360
sad,2s,high,0.647,1.0,0.353,B,A,yes,8,94,False,False,sad/29302_4103538300,sad/61333_228046373
noisy,2s,med,0.494,0.857,0.363,C,A,yes,5,61,False,False,noisy/27610_3580273916,noisy/26734_2216759258
before,2a,high,0.542,0.912,0.37,B,A,yes,3,165,False,False,before/22343_3396018434,before/36257_2258763216
pajamas,2s,med,0.433,0.803,0.37,C,A,yes,4,73,False,False,pajamas/29302_3765904862,pajamas/22343_1628807825
loud,2s,med,0.429,0.8,0.371,C,A,yes,6,70,False,False,loud/29302_454282949,loud/61333_1139127198
book,2s,high,0.327,0.7,0.373,C,A,yes,3,75,False,False,book/27610_4293795673,book/49445_419065178
tree,2a,high,0.568,0.941,0.373,B,A,yes,6,187,False,False,tree/29302_1997281077,tree/62590_1439594699
beside,2a,high,0.354,0.732,0.378,C,A,yes,3,65,False,False,beside/22343_871995930,beside/18796_3580773163
person,2s,high,0.35,0.73,0.38,C,A,yes,5,56,False,False,person/22343_2275334733,person/22343_502298087
room,2s,high,0.312,0.692,0.38,C,B,yes,5,71,False,False,room/29302_2679482570,room/55372_1805125303
open,2s,high,0.353,0.734,0.381,C,A,yes,5,68,False,False,open/29302_4174064891,open/18796_744811712
balloon,2s,high,0.55,0.952,0.402,B,A,yes,2,101,False,False,balloon/22343_3400646520,balloon/62590_1368073515
pool,2s,med,0.273,0.679,0.406,C,B,yes,3,73,False,False,pool/29302_3510090194,pool/37055_1505789571
after,2a,high,0.297,0.706,0.409,C,A,yes,3,107,False,False,after/29302_2086105382,after/2044_1828238207
happy,2s,med,0.495,0.912,0.417,C,A,yes,8,85,False,False,happy/29302_3475599810,happy/4718_3632833228
close,2s,high,0.428,0.846,0.418,C,A,yes,2,61,False,False,close/22343_826354029,close/22343_922159271
closet,2a,med,0.457,0.879,0.422,C,A,yes,7,219,False,False,closet/29302_3117198505,closet/49445_3530716556
have,2s,high,0.43,0.852,0.422,C,A,yes,1,64,False,False,have/29302_4012961783,have/26734_476455523
now,2s,high,0.5,0.922,0.422,B,A,yes,4,64,False,False,now/29302_3657269509,now/55372_1954831443
same,2s,med,0.422,0.844,0.422,C,A,yes,3,79,False,False,same/34503_1046816180,same/16069_843841317
time,2a,high,0.546,0.969,0.423,B,A,yes,9,172,False,False,time/26734_3959199843,time/62590_199422720
puzzle,2s,med,0.5,0.933,0.433,B,A,yes,2,70,False,False,puzzle/29302_2104319919,puzzle/34503_380555326
pen,2a,high,0.402,0.848,0.446,C,A,yes,4,199,False,False,pen/29302_4164620465,pen/18796_344630400
read,2a,high,0.367,0.813,0.446,C,A,yes,6,174,False,False,read/26734_3803885006,read/4718_1161724678
owl,2s,high,0.553,1.0,0.447,B,A,yes,3,92,False,False,owl/29302_4162933514,owl/28656_1383008060
drawer,2s,high,0.424,0.879,0.455,C,A,yes,2,89,False,False,drawer/26734_2213303648,drawer/28656_1362780305
ride,2a,high,0.263,0.731,0.468,C,A,yes,5,121,False,False,ride/29302_108288675,ride/55372_2786661914
touch,2a,high,0.423,0.893,0.47,C,A,yes,4,154,False,False,touch/29302_3577481130,touch/37779_2280627591
mitten,2a,high,0.453,0.932,0.479,C,A,yes,7,203,False,False,mitten/29302_3988265659,mitten/28656_4077530298
on,2a,high,0.382,0.87,0.488,C,A,yes,2,158,False,False,on/37055_2436190107,on/34503_364873946
wake,2s,high,0.469,0.958,0.489,C,A,yes,4,99,False,False,wake/29302_4111526886,wake/27610_4276166071
finish,2s,high,0.428,0.92,0.492,C,A,yes,5,87,False,False,finish/26734_3788203391,finish/49445_2103682404
wait,2s,high,0.402,0.897,0.495,C,A,yes,2,58,False,False,wait/29302_909552215,wait/28656_545484018
helicopter,2a,high,0.417,0.918,0.501,C,A,yes,3,195,False,False,helicopter/22343_1933009053,helicopter/27610_959130893
shoe,2s,high,0.431,0.932,0.501,C,A,yes,6,68,False,False,shoe/29302_57999454,shoe/53618_3445995254
glasswindow,2s,med,0.432,0.945,0.513,C,A,yes,6,77,False,False,glasswindow/29302_3117692991,glasswindow/4718_2452405480
jeans,2s,high,0.205,0.722,0.517,C,A,yes,3,82,False,False,jeans/29302_1431482158,jeans/28656_3327796897
snow,2s,high,0.397,0.914,0.517,C,A,yes,3,84,False,False,snow/32319_1939863281,snow/55372_700741254
every,2a,high,0.3,0.818,0.518,C,A,yes,3,100,False,False,every/61333_1946661944,every/53618_2241762558
jump,2a,high,0.284,0.806,0.522,C,A,yes,8,166,False,False,jump/22343_2294399502,jump/49445_3734234364
pencil,2a,high,0.419,0.942,0.523,C,A,yes,3,188,False,False,pencil/29302_1670303590,pencil/28656_2478006244
arm,2a,high,0.155,0.696,0.541,C,B,yes,4,48,False,False,arm/37055_2585241034,arm/62590_3541996614
make,2s,high,0.413,0.958,0.545,C,A,yes,2,72,False,False,make/29302_1341182556,make/27610_3639429338
hide,2a,high,0.256,0.804,0.548,C,A,yes,2,141,False,False,hide/37055_4126471331,hide/34503_4074766038
brother,2a,med,0.343,0.897,0.554,C,A,yes,6,172,False,False,brother/22343_362317895,brother/26734_2872864749
animal,2s,high,0.181,0.743,0.562,C,A,yes,5,70,False,False,animal/28656_2014732404,animal/53618_1630679875
can,2s,high,0.218,0.8,0.582,C,A,yes,2,60,False,False,can/29302_3513488777,can/30680_693401678
bedroom,2s,med,0.327,0.912,0.585,C,A,yes,4,78,False,False,bedroom/29302_1770476476,bedroom/26734_2071488707
jacket,2s,high,0.213,0.804,0.591,C,A,yes,3,65,False,False,jacket/29302_2035484674,jacket/26734_240358039
night,2a,high,0.214,0.81,0.596,C,A,yes,5,134,False,False,night/29302_2486965992,night/55372_3735846337
tiger,2s,high,0.377,1.0,0.623,C,A,yes,1,100,False,False,tiger/49445_686558383,tiger/36257_1240023572
garbage,2a,med,0.362,1.0,0.638,C,A,yes,7,163,False,False,garbage/29302_632695031,garbage/61333_4153782297
morning,2a,high,0.325,0.976,0.651,C,A,yes,4,162,False,False,morning/29302_3392581128,morning/16069_97931400
bath,2s,high,0.096,0.759,0.663,C,A,yes,2,76,False,False,bath/34503_259431564,bath/55372_2541862619
chocolate,2a,high,0.172,0.838,0.666,C,A,yes,5,187,False,False,chocolate/29302_1916988533,chocolate/16069_1096795696
many,2s,high,0.234,0.911,0.677,C,A,yes,1,67,False,False,many/29302_4024740063,many/53618_843284253
into,2a,high,0.217,0.9,0.683,C,A,yes,3,147,False,False,into/29302_1996598542,into/62590_3230605248
quiet,2s,high,0.175,0.875,0.7,C,A,yes,1,58,False,False,quiet/29302_224056122,quiet/61333_2141576691
cloud,2s,high,0.187,0.91,0.723,C,A,yes,2,76,False,False,cloud/29302_1740337198,cloud/49445_2343218707
hate,2s,med,0.276,1.0,0.724,C,A,yes,4,64,False,False,hate/29302_2553251587,hate/34503_1188879088
underwear,2s,med,0.207,1.0,0.793,C,A,yes,2,98,False,False,underwear/29302_2321256799,underwear/26734_1791419264
zebra,2s,med,0.148,0.964,0.816,C,A,yes,3,81,False,False,zebra/29302_2871176978,zebra/32319_2625304146
stairs,2s,high,0.177,1.0,0.823,C,A,yes,3,84,False,False,stairs/29302_238475948,stairs/62590_2363861426
